VendorID,tpep_pickup_datetime,tpep_dropoff_datetime,passenger_count,trip_distance,RatecodeID,store_and_fwd_flag,PULocationID,DOLocationID,payment_type,fare_amount,extra,mta_tax,tip_amount,tolls_amount,improvement_surcharge,total_amount
2,02/09/2018 01:25:25 PM,02/09/2018 01:31:11 PM,2,1.08,1,N,233,229,1,6,0,0.5,1,0,0.3,7.8
2,02/09/2018 01:25:00 PM,02/09/2018 02:05:03 PM,1,13.85,2,N,215,230,2,52,0,0.5,0,0,0.3,52.8
1,02/09/2018 01:17:24 PM,02/09/2018 01:22:47 PM,1,0.7,1,N,249,158,2,5.5,0,0.5,0,0,0.3,6.3
1,02/09/2018 01:32:49 PM,02/09/2018 01:45:41 PM,1,2.1,1,N,90,142,1,10.5,0,0.5,2.25,0,0.3,13.55
1,02/09/2018 01:51:03 PM,02/09/2018 02:04:05 PM,1,1.7,1,N,263,233,1,10,0,0.5,1.62,0,0.3,12.42
1,02/09/2018 01:22:37 PM,02/09/2018 01:38:34 PM,1,2.4,1,N,211,246,1,13,0,0.5,3.45,0,0.3,17.25
1,02/09/2018 01:46:21 PM,02/09/2018 01:53:31 PM,1,0.6,1,N,186,48,1,6,0,0.5,1.02,0,0.3,7.82
1,02/09/2018 01:57:08 PM,02/09/2018 02:04:23 PM,1,0.8,1,N,48,50,2,6.5,0,0.5,0,0,0.3,7.3
2,02/09/2018 01:12:08 PM,02/09/2018 01:41:53 PM,1,6.98,1,N,142,148,1,26.5,0,0.5,5.46,0,0.3,32.76
2,02/09/2018 01:09:41 PM,02/09/2018 01:29:27 PM,6,1.5,1,N,48,234,2,12.5,0,0.5,0,0,0.3,13.3
2,02/09/2018 01:36:45 PM,02/09/2018 01:43:54 PM,6,1.23,1,N,234,79,1,6.5,0,0.5,1.46,0,0.3,8.76
2,02/09/2018 01:53:20 PM,02/09/2018 01:59:53 PM,6,0.91,1,N,231,87,2,6,0,0.5,0,0,0.3,6.8
2,02/09/2018 01:27:26 PM,02/09/2018 01:35:24 PM,1,0.81,1,N,162,229,1,7,0,0.5,1.56,0,0.3,9.36
2,02/09/2018 01:40:13 PM,02/09/2018 01:53:48 PM,1,1.74,1,N,229,50,1,10.5,0,0.5,2.26,0,0.3,13.56
1,02/09/2018 01:03:04 PM,02/09/2018 01:15:42 PM,1,1.8,1,N,43,236,2,10.5,0,0.5,0,0,0.3,11.3
1,02/09/2018 01:19:05 PM,02/09/2018 01:28:14 PM,1,0.8,1,N,236,236,1,7,0,0.5,1.55,0,0.3,9.35
1,02/09/2018 01:52:03 PM,02/09/2018 02:03:48 PM,1,2.8,1,N,262,233,2,12,0,0.5,0,0,0.3,12.8
1,02/09/2018 01:18:50 PM,02/09/2018 01:30:00 PM,1,1,1,N,170,161,1,8.5,0,0.5,1.85,0,0.3,11.15
1,02/09/2018 01:39:55 PM,02/09/2018 01:49:25 PM,1,1.2,1,N,163,230,1,7.5,0,0.5,1.65,0,0.3,9.95
1,02/09/2018 01:53:02 PM,02/09/2018 02:10:17 PM,1,1.5,1,N,161,141,2,11.5,0,0.5,0,0,0.3,12.3
1,02/09/2018 01:24:18 PM,02/09/2018 02:14:34 PM,1,18,2,N,132,48,1,52,0,0.5,15.8,0,0.3,68.6
2,02/09/2018 01:40:12 PM,02/09/2018 01:53:09 PM,2,1.49,1,N,246,161,2,9.5,0,0.5,0,0,0.3,10.3
2,02/09/2018 01:53:46 PM,02/09/2018 02:11:19 PM,2,1.13,1,N,161,186,2,11.5,0,0.5,0,0,0.3,12.3
1,02/09/2018 01:52:36 PM,02/09/2018 02:36:37 PM,1,8.1,1,N,45,236,1,33,0,0.5,8.45,0,0.3,42.25
1,02/09/2018 01:36:52 PM,02/09/2018 01:56:05 PM,1,1.8,1,N,231,234,1,13,0.5,0.5,2.15,0,0.3,16.45
1,02/09/2018 01:18:21 PM,02/09/2018 01:23:18 PM,1,0.3,1,N,237,237,1,5,0,0.5,1,0,0.3,6.8
1,02/09/2018 01:26:43 PM,02/09/2018 01:41:51 PM,1,2.2,1,N,237,238,2,11.5,0,0.5,0,0,0.3,12.3
2,02/09/2018 01:58:38 PM,02/09/2018 02:20:48 PM,1,1.95,1,N,234,125,1,14.5,0,0.5,3.06,0,0.3,18.36
1,02/09/2018 01:43:37 PM,02/09/2018 02:08:40 PM,2,5.1,1,N,79,141,1,21,0,0.5,4.35,0,0.3,26.15
1,02/09/2018 01:57:26 PM,02/09/2018 02:24:54 PM,1,9.4,1,N,138,141,2,28.5,0,0.5,0,5.76,0.3,35.06
2,02/09/2018 01:06:51 PM,02/09/2018 01:12:46 PM,2,0.84,1,N,137,107,1,6,0,0.5,1.36,0,0.3,8.16
2,02/09/2018 01:18:40 PM,02/09/2018 01:36:40 PM,2,0.68,1,N,170,100,1,11.5,0,0.5,2.46,0,0.3,14.76
2,02/09/2018 01:40:30 PM,02/09/2018 01:51:05 PM,3,1.33,1,N,186,161,2,8.5,0,0.5,0,0,0.3,9.3
2,02/09/2018 01:56:10 PM,02/09/2018 02:08:32 PM,3,2.1,1,N,162,236,1,10.5,0,0.5,2.26,0,0.3,13.56
2,02/09/2018 01:10:59 PM,02/09/2018 01:18:18 PM,1,2.87,1,N,137,232,2,10,0,0.5,0,0,0.3,10.8
2,02/09/2018 01:31:53 PM,02/09/2018 01:37:25 PM,1,0.76,1,N,79,113,1,5.5,0,0.5,2.7,0,0.3,9
2,02/09/2018 01:08:30 PM,02/09/2018 01:18:18 PM,1,1.2,1,N,113,249,1,8,0,0.5,2.2,0,0.3,11
2,02/09/2018 01:36:55 PM,02/09/2018 01:48:26 PM,1,0.96,1,N,113,158,1,8.5,0,0.5,1.86,0,0.3,11.16
2,02/09/2018 01:52:06 PM,02/09/2018 02:04:51 PM,1,1.76,1,N,158,231,1,10,0,0.5,2.7,0,0.3,13.5
2,02/09/2018 01:41:21 PM,02/09/2018 01:50:57 PM,6,0.9,1,N,161,162,1,7.5,0,0.5,2.08,0,0.3,10.38
2,02/09/2018 01:55:14 PM,02/09/2018 02:03:36 PM,5,0.78,1,N,162,170,1,7,0,0.5,0,0,0.3,7.8
2,02/09/2018 01:20:35 PM,02/09/2018 01:27:31 PM,1,0.65,1,N,237,163,1,6,0,0.5,1.36,0,0.3,8.16
2,02/09/2018 01:33:55 PM,02/09/2018 01:42:09 PM,1,0.8,1,N,161,162,2,6.5,0,0.5,0,0,0.3,7.3
2,02/09/2018 01:43:34 PM,02/09/2018 01:50:34 PM,1,1.08,1,N,162,141,1,6.5,0,0.5,1.46,0,0.3,8.76
1,02/09/2018 01:17:34 PM,02/09/2018 01:40:03 PM,1,2.2,1,N,113,88,1,14.5,0,0.5,2,0,0.3,17.3
1,02/09/2018 01:41:31 PM,02/09/2018 02:00:01 PM,1,5.1,1,N,88,170,1,18.5,0,0.5,2,0,0.3,21.3
2,02/09/2018 01:10:47 PM,02/09/2018 01:10:53 PM,1,0.03,5,N,1,1,1,90,0,0.5,18,0,0.3,108.8
2,02/09/2018 01:32:44 PM,02/09/2018 01:52:59 PM,4,4.17,1,N,231,142,1,17,0,0.5,5,0,0.3,22.8
2,02/09/2018 01:56:03 PM,02/09/2018 02:15:04 PM,4,2.95,1,N,163,79,1,14,0,0.5,2.96,0,0.3,17.76
2,02/09/2018 01:52:08 PM,02/09/2018 02:06:37 PM,1,1.71,1,N,45,65,1,10,0,0.5,1.08,0,0.3,11.88
2,02/09/2018 01:50:55 PM,02/09/2018 02:07:50 PM,1,2.54,1,N,142,236,1,13,0,0.5,3.45,0,0.3,17.25
1,02/09/2018 01:43:27 PM,02/09/2018 01:48:46 PM,1,0.2,1,N,236,236,2,5,0,0.5,0,0,0.3,5.8
2,02/09/2018 01:08:24 PM,02/09/2018 01:29:14 PM,6,6.1,1,N,231,137,1,21.5,0,0.5,3.34,0,0.3,25.64
2,02/09/2018 01:31:53 PM,02/09/2018 01:43:38 PM,6,1.73,1,N,233,163,1,9.5,0,0.5,0,0,0.3,10.3
2,02/09/2018 01:44:26 PM,02/09/2018 01:57:28 PM,6,1.5,1,N,163,50,1,9.5,0,0.5,2.06,0,0.3,12.36
2,02/09/2018 01:49:07 PM,02/09/2018 02:37:06 PM,2,12.01,1,N,138,106,1,39.5,0,0.5,10.08,0,0.3,50.38
1,02/09/2018 01:23:15 PM,02/09/2018 01:52:55 PM,1,4.7,1,N,186,88,2,21.5,0,0.5,0,0,0.3,22.3
1,02/09/2018 01:54:18 PM,02/09/2018 02:20:46 PM,1,5.2,1,N,88,170,1,22.5,0,0.5,4.65,0,0.3,27.95
1,02/09/2018 01:38:47 PM,02/09/2018 01:46:37 PM,2,1.2,1,N,13,125,1,7,0,0.5,1.56,0,0.3,9.36
1,02/09/2018 01:56:19 PM,02/09/2018 02:30:46 PM,1,5.3,1,N,13,163,1,25,0,0.5,3,0,0.3,28.8
1,02/09/2018 01:37:52 PM,02/09/2018 01:44:26 PM,1,0.8,1,N,142,163,2,6,0,0.5,0,0,0.3,6.8
1,02/09/2018 01:53:27 PM,02/09/2018 02:05:35 PM,1,1.5,1,N,161,141,1,9.5,0,0.5,2.05,0,0.3,12.35
1,02/09/2018 01:04:10 PM,02/09/2018 01:16:40 PM,1,1.5,1,N,164,234,1,9.5,0,0.5,2.05,0,0.3,12.35
1,02/09/2018 01:17:54 PM,02/09/2018 01:34:34 PM,1,2.4,1,N,234,163,1,12.5,0,0.5,3.95,0,0.3,17.25
1,02/09/2018 01:20:16 PM,02/09/2018 01:34:34 PM,1,1.8,1,N,166,74,1,10.5,0,0.5,0,0,0.3,11.3
1,02/09/2018 01:51:31 PM,02/09/2018 02:08:13 PM,2,3.2,1,N,41,142,1,14,0,0.5,2.96,0,0.3,17.76
2,02/09/2018 01:18:19 PM,02/09/2018 01:23:20 PM,1,0.61,1,N,263,236,1,5,0,0.5,1.16,0,0.3,6.96
2,02/09/2018 01:24:35 PM,02/09/2018 01:31:15 PM,1,0.76,1,N,236,262,2,6,0,0.5,0,0,0.3,6.8
2,02/09/2018 01:34:29 PM,02/09/2018 01:36:57 PM,1,0.27,1,N,262,262,2,3.5,0,0.5,0,0,0.3,4.3
2,02/09/2018 01:44:54 PM,02/09/2018 01:57:52 PM,1,1.91,1,N,140,238,1,10.5,0,0.5,1.13,0,0.3,12.43
1,02/09/2018 01:24:48 PM,02/09/2018 01:35:45 PM,1,1.8,1,N,151,239,2,9,0,0.5,0,0,0.3,9.8
1,02/09/2018 01:47:28 PM,02/09/2018 02:09:31 PM,1,3.3,1,N,142,166,1,16.5,0,0.5,2,0,0.3,19.3
1,02/09/2018 01:03:16 PM,02/09/2018 01:17:48 PM,1,1,1,N,162,230,1,10,0,0.5,2.7,0,0.3,13.5
1,02/09/2018 01:18:46 PM,02/09/2018 01:30:30 PM,1,1.3,1,N,230,164,1,9,0,0.5,2.9,0,0.3,12.7
1,02/09/2018 01:34:04 PM,02/09/2018 01:40:09 PM,1,0.9,1,N,164,230,2,6,0,0.5,0,0,0.3,6.8
1,02/09/2018 01:41:08 PM,02/09/2018 01:47:50 PM,1,0.6,1,N,230,50,2,6,0,0.5,0,0,0.3,6.8
1,02/09/2018 01:49:01 PM,02/09/2018 01:57:55 PM,1,1.2,1,N,50,68,1,7.5,0,0.5,0,0,0.3,8.3
1,02/09/2018 01:59:40 PM,02/09/2018 02:11:07 PM,1,0.9,1,N,68,230,1,8.5,0,0.5,1.85,0,0.3,11.15
1,02/09/2018 01:05:24 PM,02/09/2018 01:21:38 PM,1,2.3,1,N,239,68,1,12.5,0,0.5,3.95,0,0.3,17.25
1,02/09/2018 01:23:09 PM,02/09/2018 01:44:15 PM,1,3.7,1,N,68,238,1,17.5,0,0.5,1,0,0.3,19.3
2,02/09/2018 01:06:24 PM,02/09/2018 01:13:03 PM,2,1.31,1,N,151,166,2,6.5,0,0.5,0,0,0.3,7.3
2,02/09/2018 01:59:17 PM,02/09/2018 02:15:21 PM,2,4.32,1,N,238,244,1,15.5,0,0.5,3.26,0,0.3,19.56
2,02/09/2018 01:21:45 PM,02/09/2018 01:34:01 PM,1,2.08,1,N,263,74,1,10.5,0,0.5,2.26,0,0.3,13.56
1,02/09/2018 01:32:07 PM,02/09/2018 01:48:12 PM,1,1.6,1,N,231,90,1,11,0,0.5,2.95,0,0.3,14.75
1,02/09/2018 01:49:30 PM,02/09/2018 02:05:47 PM,1,2,1,N,90,50,1,11.5,0,0.5,3.05,0,0.3,15.35
1,02/09/2018 01:01:54 PM,02/09/2018 01:06:27 PM,1,0.5,1,N,237,237,1,4.5,0,0.5,1.05,0,0.3,6.35
1,02/09/2018 01:12:25 PM,02/09/2018 01:44:46 PM,1,3.5,1,N,161,144,1,20.5,0,0.5,2,0,0.3,23.3
1,02/09/2018 01:48:06 PM,02/09/2018 02:03:14 PM,1,3.5,1,N,231,148,1,14,0,0.5,2.95,0,0.3,17.75
2,02/09/2018 01:08:37 PM,02/09/2018 01:37:23 PM,1,3.19,1,N,68,148,1,18.5,0,0.5,3.86,0,0.3,23.16
2,02/09/2018 01:38:53 PM,02/09/2018 01:53:00 PM,1,2.73,1,N,148,255,1,12.5,0,0.5,2,0,0.3,15.3
1,02/09/2018 01:43:59 PM,02/09/2018 01:55:09 PM,1,1.2,1,N,264,68,2,8.5,0,0.5,0,0,0.3,9.3
1,02/09/2018 01:05:12 PM,02/09/2018 01:27:23 PM,1,2,1,N,113,231,1,14,0,0.5,4.4,0,0.3,19.2
1,02/09/2018 01:29:43 PM,02/09/2018 01:45:55 PM,1,3.3,1,N,231,234,1,13.5,0,0.5,2.85,0,0.3,17.15
1,02/09/2018 01:00:32 PM,02/09/2018 01:14:18 PM,1,1.4,1,N,161,186,1,10,0,0.5,2.7,0,0.3,13.5
1,02/09/2018 01:22:11 PM,02/09/2018 01:37:22 PM,1,2.4,1,N,100,114,1,11.5,0,0.5,2.45,0,0.3,14.75
1,02/09/2018 01:46:51 PM,02/09/2018 02:25:47 PM,1,11.1,1,N,211,138,1,36.5,0,0.5,7.46,0,0.3,44.76
2,02/09/2018 01:32:26 PM,02/09/2018 01:40:33 PM,1,2.83,1,N,262,233,1,10.5,0,0.5,2.82,0,0.3,14.12
2,02/09/2018 01:44:40 PM,02/09/2018 01:54:34 PM,1,0.81,1,N,161,100,1,7.5,0,0.5,2,0,0.3,10.3
1,02/09/2018 01:09:32 PM,02/09/2018 01:13:25 PM,1,0.6,1,N,163,163,2,5,0,0.5,0,0,0.3,5.8
1,02/09/2018 01:15:23 PM,02/09/2018 01:23:50 PM,1,1.1,1,N,161,170,1,7,0,0.5,1.55,0,0.3,9.35
1,02/09/2018 01:27:41 PM,02/09/2018 01:47:36 PM,1,3.8,1,N,162,232,1,17,0,0.5,3.55,0,0.3,21.35
1,02/09/2018 01:52:19 PM,02/09/2018 01:56:43 PM,1,0.9,1,N,148,232,1,5.5,0,0.5,1.25,0,0.3,7.55
2,02/09/2018 01:26:22 PM,02/09/2018 01:34:23 PM,1,1.17,1,N,142,239,2,7,0,0.5,0,0,0.3,7.8
2,02/09/2018 01:53:10 PM,02/09/2018 02:12:35 PM,1,1.97,1,N,100,143,2,13.5,0,0.5,0,0,0.3,14.3
1,02/09/2018 01:10:57 PM,02/09/2018 01:22:02 PM,1,0.8,1,N,158,113,1,8,0,0.5,1.75,0,0.3,10.55
1,02/09/2018 01:27:04 PM,02/09/2018 01:32:18 PM,1,1.1,1,N,114,234,1,6,0,0.5,1,0,0.3,7.8
1,02/09/2018 01:38:56 PM,02/09/2018 01:43:27 PM,1,0.6,1,N,234,170,2,5,0,0.5,0,0,0.3,5.8
1,02/09/2018 01:50:26 PM,02/09/2018 02:01:10 PM,1,1.9,1,N,161,236,1,9,0,0.5,1.95,0,0.3,11.75
1,02/09/2018 01:29:18 PM,02/09/2018 01:43:09 PM,2,1.8,1,N,144,249,1,10,0,0.5,2.7,0,0.3,13.5
1,02/09/2018 01:47:45 PM,02/09/2018 02:00:13 PM,2,0.6,1,N,249,113,2,8.5,0,0.5,0,0,0.3,9.3
1,02/09/2018 01:35:02 PM,02/09/2018 01:38:45 PM,1,0.4,1,N,141,229,1,4.5,0,0.5,2,0,0.3,7.3
1,02/09/2018 01:44:21 PM,02/09/2018 01:46:16 PM,1,0.2,1,N,229,229,1,3.5,0,0.5,1.25,0,0.3,5.55
1,02/09/2018 01:20:05 PM,02/09/2018 01:26:21 PM,1,0.5,1,N,263,236,1,5.5,0,0.5,1.55,0,0.3,7.85
1,02/09/2018 01:30:44 PM,02/09/2018 01:47:03 PM,1,2.2,1,N,43,230,1,12.5,0,0.5,2.65,0,0.3,15.95
1,02/09/2018 01:48:30 PM,02/09/2018 01:57:48 PM,1,1,1,N,230,246,1,7.5,0,0.5,1.65,0,0.3,9.95
1,02/09/2018 01:00:39 PM,02/09/2018 01:08:58 PM,1,0.9,1,N,237,142,1,7,0,0.5,1.55,0,0.3,9.35
1,02/09/2018 01:13:42 PM,02/09/2018 01:23:32 PM,1,1.8,1,N,142,238,1,9,0,0.5,2,0,0.3,11.8
2,02/09/2018 12:57:27 PM,02/09/2018 01:41:45 PM,1,26.79,2,N,142,132,1,52,0,0.5,11.71,5.76,0.3,70.27
1,02/09/2018 01:42:52 PM,02/09/2018 01:43:12 PM,1,9.4,5,N,138,138,1,40,0,0,10.05,0,0.3,50.35
2,02/09/2018 01:34:48 PM,02/09/2018 01:49:47 PM,4,1.66,1,N,249,170,1,10.5,0,0.5,2.82,0,0.3,14.12
2,02/09/2018 01:58:02 PM,02/09/2018 02:15:04 PM,3,2.66,1,N,162,141,2,13,0,0.5,0,0,0.3,13.8
1,02/09/2018 01:14:43 PM,02/09/2018 01:28:18 PM,1,1.9,1,N,261,113,1,10.5,0,0.5,2.26,0,0.3,13.56
1,02/09/2018 01:29:27 PM,02/09/2018 01:35:09 PM,1,0.6,1,N,113,79,1,5.5,0,0.5,1.25,0,0.3,7.55
1,02/09/2018 01:49:57 PM,02/09/2018 02:05:57 PM,1,1,1,N,162,186,1,10.5,0,0.5,2.8,0,0.3,14.1
2,02/09/2018 01:03:58 PM,02/09/2018 01:14:23 PM,1,1.76,1,N,239,166,2,9,0,0.5,0,0,0.3,9.8
2,02/09/2018 01:22:57 PM,02/09/2018 01:29:25 PM,1,1.2,1,N,24,74,1,6.5,0,0.5,1,0,0.3,8.3
2,02/09/2018 01:44:56 PM,02/09/2018 01:48:27 PM,1,0.58,1,N,263,140,2,4.5,0,0.5,0,0,0.3,5.3
2,02/09/2018 12:09:50 PM,02/09/2018 01:13:37 PM,1,0.53,1,N,75,262,2,4.5,0,0.5,0,0,0.3,5.3
2,02/09/2018 01:22:09 PM,02/09/2018 01:25:48 PM,1,0.72,1,N,140,236,1,4.5,0,0.5,1.06,0,0.3,6.36
2,02/09/2018 01:28:26 PM,02/09/2018 01:39:18 PM,1,1.43,1,N,236,163,1,9,0,0.5,2.94,0,0.3,12.74
2,02/09/2018 01:42:06 PM,02/09/2018 01:50:34 PM,1,1.39,1,N,163,164,1,7.5,0,0.5,1.66,0,0.3,9.96
2,02/09/2018 01:51:42 PM,02/09/2018 01:52:59 PM,1,0.28,1,N,170,170,1,3,0,0.5,0.5,0,0.3,4.3
2,02/09/2018 01:57:14 PM,02/09/2018 02:03:39 PM,1,0.89,1,N,161,237,1,6,0,0.5,0.75,0,0.3,7.55
2,02/09/2018 01:03:29 PM,02/09/2018 01:23:14 PM,2,2.57,1,N,140,230,2,13.5,0,0.5,0,0,0.3,14.3
2,02/09/2018 01:26:18 PM,02/09/2018 01:32:20 PM,2,0.76,1,N,230,100,1,5.5,0,0.5,1.26,0,0.3,7.56
2,02/09/2018 01:35:23 PM,02/09/2018 01:47:52 PM,1,1.08,1,N,186,234,1,9,0,0.5,1.96,0,0.3,11.76
2,02/09/2018 01:49:41 PM,02/09/2018 01:59:28 PM,2,1.21,1,N,234,211,1,8,0,0.5,1.76,0,0.3,10.56
1,02/09/2018 01:38:17 PM,02/09/2018 01:57:17 PM,1,3.1,1,N,261,68,1,14.5,0,0.5,3.05,0,0.3,18.35
2,02/09/2018 01:03:24 PM,02/09/2018 01:19:03 PM,3,8,1,N,138,233,1,23.5,0,0.5,4,5.76,0.3,34.06
2,02/09/2018 01:30:56 PM,02/09/2018 01:48:49 PM,3,2.26,1,N,162,246,1,13,0,0.5,2.76,0,0.3,16.56
1,02/09/2018 01:17:41 PM,02/09/2018 01:20:50 PM,2,0.5,1,N,107,224,1,4.5,0,0.5,1.05,0,0.3,6.35
1,02/09/2018 01:24:28 PM,02/09/2018 01:27:26 PM,1,0.5,1,N,79,107,1,4,0,0.5,1,0,0.3,5.8
1,02/09/2018 01:30:23 PM,02/09/2018 01:33:57 PM,1,0.5,1,N,113,90,2,4.5,0,0.5,0,0,0.3,5.3
1,02/09/2018 01:44:11 PM,02/09/2018 01:44:14 PM,1,0,1,N,90,90,3,2.5,0,0.5,0,0,0.3,3.3
1,02/09/2018 01:44:59 PM,02/09/2018 02:17:55 PM,1,13.7,3,N,90,1,1,58,0,0,5,10.5,0.3,73.8
1,02/09/2018 01:03:59 PM,02/09/2018 01:07:26 PM,1,0.3,1,N,236,236,2,4,0,0.5,0,0,0.3,4.8
1,02/09/2018 01:21:13 PM,02/09/2018 01:28:32 PM,1,1.2,1,N,237,140,1,7,0,0.5,1.55,0,0.3,9.35
1,02/09/2018 01:33:57 PM,02/09/2018 01:39:46 PM,1,1,1,N,140,162,2,6,0,0.5,0,0,0.3,6.8
1,02/09/2018 01:41:40 PM,02/09/2018 01:50:39 PM,1,1.7,1,N,162,236,2,8.5,0,0.5,0,0,0.3,9.3
1,02/09/2018 01:55:13 PM,02/09/2018 02:14:43 PM,1,2.5,1,N,236,233,1,14,0,0.5,4,0,0.3,18.8
2,02/09/2018 01:07:36 PM,02/09/2018 02:09:32 PM,1,21.32,2,N,161,132,1,52,0,0.5,14.64,5.76,0.3,73.2
2,02/09/2018 01:06:26 PM,02/09/2018 01:14:12 PM,6,1.21,1,N,142,161,1,7,0,0.5,1.95,0,0.3,9.75
2,02/09/2018 01:17:39 PM,02/09/2018 01:29:39 PM,6,0.88,1,N,161,186,1,8.5,0,0.5,1.86,0,0.3,11.16
2,02/09/2018 01:32:01 PM,02/09/2018 02:27:27 PM,6,10.61,1,N,186,26,1,42.5,0,0.5,5,5.76,0.3,54.06
2,02/09/2018 01:08:42 PM,02/09/2018 01:20:19 PM,1,2.12,1,N,43,163,2,10,0,0.5,0,0,0.3,10.8
2,02/09/2018 01:25:39 PM,02/09/2018 01:33:12 PM,1,1.41,1,N,163,43,2,7,0,0.5,0,0,0.3,7.8
2,02/09/2018 01:41:53 PM,02/09/2018 01:50:11 PM,1,1.49,1,N,236,161,1,8,0,0.5,2.2,0,0.3,11
2,02/09/2018 01:52:23 PM,02/09/2018 01:55:54 PM,1,0.61,1,N,161,161,1,4.5,0,0.5,1.32,0,0.3,6.62
2,02/09/2018 02:00:31 PM,02/09/2018 02:11:30 PM,1,1.62,1,N,161,236,1,8.5,0,0.5,1.4,0,0.3,10.7
2,02/09/2018 01:08:45 PM,02/09/2018 01:21:08 PM,1,2.28,1,N,144,256,1,11,0,0.5,2.36,0,0.3,14.16
2,02/09/2018 01:34:15 PM,02/09/2018 01:59:47 PM,1,3.33,1,N,148,161,2,17.5,0,0.5,0,0,0.3,18.3
1,02/09/2018 01:05:13 PM,02/09/2018 01:13:24 PM,1,1,1,N,236,237,1,7,0,0.5,1.2,0,0.3,9
1,02/09/2018 01:16:44 PM,02/09/2018 01:22:33 PM,1,0.6,1,N,237,236,2,5.5,0,0.5,0,0,0.3,6.3
1,02/09/2018 01:29:29 PM,02/09/2018 01:39:22 PM,1,1.8,1,N,236,142,1,9,0,0.5,1,0,0.3,10.8
2,02/09/2018 01:42:13 PM,02/09/2018 01:55:04 PM,1,1.36,1,N,236,141,1,9.5,0,0.5,2.06,0,0.3,12.36
1,02/09/2018 01:31:15 PM,02/09/2018 01:41:43 PM,1,1.4,1,N,264,264,1,8.5,0,0.5,1,0,0.3,10.3
1,02/09/2018 01:14:21 PM,02/09/2018 01:19:13 PM,2,0.5,1,N,13,231,1,5,0,0.5,1.15,0,0.3,6.95
1,02/09/2018 01:20:57 PM,02/09/2018 01:28:22 PM,1,0.7,1,N,231,211,2,6,0,0.5,0,0,0.3,6.8
1,02/09/2018 01:53:59 PM,02/09/2018 02:07:55 PM,1,1.5,1,N,158,231,2,10,0,0.5,0,0,0.3,10.8
2,02/09/2018 01:14:03 PM,02/09/2018 01:16:39 PM,2,0.39,1,N,68,90,2,4,0,0.5,0,0,0.3,4.8
2,02/09/2018 01:22:02 PM,02/09/2018 02:11:50 PM,2,7.49,1,N,186,102,1,34,0,0.5,8.11,5.76,0.3,48.67
2,02/09/2018 01:09:12 PM,02/09/2018 01:14:06 PM,1,0.71,1,N,237,237,1,5.5,0,0.5,1,0,0.3,7.3
2,02/09/2018 01:16:58 PM,02/09/2018 01:23:43 PM,1,1.46,1,N,237,140,1,7,0,0.5,0.5,0,0.3,8.3
2,02/09/2018 01:27:27 PM,02/09/2018 01:30:57 PM,1,0.48,1,N,263,237,2,4.5,0,0.5,0,0,0.3,5.3
2,02/09/2018 01:31:52 PM,02/09/2018 01:36:30 PM,1,0.86,1,N,237,263,1,5.5,0,0.5,1.58,0,0.3,7.88
2,02/09/2018 01:51:35 PM,02/09/2018 01:55:08 PM,1,0.6,1,N,236,236,1,4.5,0,0.5,1.06,0,0.3,6.36
2,02/09/2018 01:56:46 PM,02/09/2018 02:08:39 PM,2,0.82,1,N,236,141,1,8.5,0,0.5,1.4,0,0.3,10.7
1,02/09/2018 01:07:03 PM,02/09/2018 01:35:22 PM,1,1.2,1,N,162,100,2,17,0,0.5,0,0,0.3,17.8
1,02/09/2018 01:42:01 PM,02/09/2018 02:06:59 PM,1,1,1,N,186,170,2,15,0,0.5,0,0,0.3,15.8
1,02/09/2018 01:23:19 PM,02/09/2018 01:28:00 PM,1,0.9,1,N,48,68,1,5.5,0.5,0.5,2,0,0.3,8.8
1,02/09/2018 01:35:47 PM,02/09/2018 01:40:58 PM,1,1,1,N,90,114,1,5.5,0.5,0.5,1,0,0.3,7.8
1,02/09/2018 01:47:54 PM,02/09/2018 01:58:36 PM,1,1.6,1,N,114,4,1,9,0.5,0.5,1.5,0,0.3,11.8
2,02/09/2018 01:14:20 PM,02/09/2018 01:24:03 PM,4,1.22,1,N,264,264,1,7.5,0,0.5,1.66,0,0.3,9.96
2,02/09/2018 01:30:10 PM,02/09/2018 01:39:42 PM,4,1.26,1,N,264,264,2,8,0,0.5,0,0,0.3,8.8
2,02/09/2018 01:44:07 PM,02/09/2018 02:01:02 PM,4,1.95,1,N,264,264,1,12,0,0.5,2,0,0.3,14.8
2,02/09/2018 01:33:42 PM,02/09/2018 02:26:59 PM,3,18.43,2,N,132,142,1,52,0,0.5,11.71,5.76,0.3,70.27
1,02/09/2018 01:43:51 PM,02/09/2018 02:22:20 PM,1,18.9,2,N,132,263,1,52,0,0.5,5.86,5.76,0.3,64.42
2,02/09/2018 12:51:32 PM,02/09/2018 02:00:03 PM,6,0.71,1,N,236,236,2,7,0,0.5,0,0,0.3,7.8
2,02/09/2018 01:36:31 PM,02/09/2018 01:55:13 PM,1,2.78,1,N,143,186,1,13.5,0,0.5,1,0,0.3,15.3
2,02/09/2018 01:17:17 PM,02/09/2018 01:23:24 PM,1,1.04,1,N,263,141,2,6,0,0.5,0,0,0.3,6.8
2,02/09/2018 01:28:09 PM,02/09/2018 02:01:28 PM,1,10.38,1,N,141,197,1,33,0,0.5,6.76,0,0.3,40.56
1,02/09/2018 01:04:35 PM,02/09/2018 01:08:41 PM,1,0.5,1,N,236,236,1,4.5,0,0.5,1,0,0.3,6.3
1,02/09/2018 01:17:47 PM,02/09/2018 01:24:55 PM,1,1.4,1,N,236,163,2,7.5,0,0.5,0,0,0.3,8.3
1,02/09/2018 01:17:40 PM,02/09/2018 01:40:43 PM,1,2.7,1,N,161,144,1,16,0,0.5,4.2,0,0.3,21
1,02/09/2018 01:46:35 PM,02/09/2018 01:53:21 PM,1,1,1,N,144,234,1,6.5,0,0.5,1,0,0.3,8.3
1,02/09/2018 01:58:23 PM,02/09/2018 02:07:43 PM,1,1.3,1,N,234,79,1,8,0,0.5,1,0,0.3,9.8
1,02/09/2018 01:19:16 PM,02/09/2018 01:24:05 PM,1,0.6,1,N,68,48,2,5,0,0.5,0,0,0.3,5.8
1,02/09/2018 01:55:21 PM,02/09/2018 02:03:32 PM,1,1.3,1,N,142,161,1,7,0,0.5,1.55,0,0.3,9.35
2,02/09/2018 01:45:44 PM,02/09/2018 02:06:38 PM,6,7.84,1,N,138,145,1,24.5,0,0.5,5.06,0,0.3,30.36
2,02/09/2018 01:09:53 PM,02/09/2018 01:17:22 PM,1,1,1,N,263,141,1,6.5,0,0.5,1.1,0,0.3,8.4
2,02/09/2018 01:18:36 PM,02/09/2018 01:24:49 PM,1,0.87,1,N,237,263,1,6,0,0.5,1.36,0,0.3,8.16
2,02/09/2018 01:37:35 PM,02/09/2018 01:48:24 PM,1,0.91,1,N,236,237,2,8,0,0.5,0,0,0.3,8.8
2,02/09/2018 01:49:24 PM,02/09/2018 02:05:51 PM,1,2.9,1,N,237,50,1,13,0,0.5,2.76,0,0.3,16.56
1,02/09/2018 01:00:41 PM,02/09/2018 01:06:47 PM,1,0.6,1,N,237,236,2,5.5,0,0.5,0,0,0.3,6.3
1,02/09/2018 01:11:11 PM,02/09/2018 01:15:07 PM,2,0.5,1,N,236,236,1,5,0,0.5,2,0,0.3,7.8
1,02/09/2018 01:25:28 PM,02/09/2018 01:29:51 PM,1,0.5,1,N,263,237,2,5,0,0.5,0,0,0.3,5.8
1,02/09/2018 01:31:21 PM,02/09/2018 01:33:00 PM,1,0.2,1,N,237,237,1,3,0,0.5,0.76,0,0.3,4.56
1,02/09/2018 01:37:11 PM,02/09/2018 01:45:46 PM,2,1.1,1,N,236,237,2,7.5,0,0.5,0,0,0.3,8.3
1,02/09/2018 01:48:39 PM,02/09/2018 02:05:06 PM,1,2.5,1,N,141,238,2,13,0,0.5,0,0,0.3,13.8
1,02/09/2018 01:19:42 PM,02/09/2018 01:32:16 PM,1,1.6,1,N,50,161,2,9.5,0,0.5,0,0,0.3,10.3
1,02/09/2018 01:36:27 PM,02/09/2018 01:44:54 PM,1,0.8,1,N,162,237,1,6.5,0,0.5,0,0,0.3,7.3
1,02/09/2018 01:47:01 PM,02/09/2018 02:06:04 PM,1,1.8,1,N,162,100,1,12.5,0,0.5,2.65,0,0.3,15.95
1,02/09/2018 01:18:56 PM,02/09/2018 01:32:51 PM,2,1.4,1,N,45,66,2,9.5,0,0.5,0,0,0.3,10.3
1,02/09/2018 01:45:13 PM,02/09/2018 02:04:08 PM,2,5.8,1,N,88,162,1,20.5,0,0.5,4,0,0.3,25.3
1,02/09/2018 01:18:43 PM,02/09/2018 01:25:47 PM,1,0.7,1,N,264,264,1,6,0,0.5,1,0,0.3,7.8
1,02/09/2018 01:27:56 PM,02/09/2018 01:33:54 PM,1,1.5,1,N,264,264,2,6.5,0,0.5,0,0,0.3,7.3
1,02/09/2018 01:53:54 PM,02/09/2018 02:02:53 PM,1,2.1,1,N,264,264,1,9,0,0.5,3,0,0.3,12.8
1,02/09/2018 01:26:03 PM,02/09/2018 01:41:02 PM,1,2.1,1,N,107,229,1,11.5,0,0.5,3.65,0,0.3,15.95
1,02/09/2018 01:56:01 PM,02/09/2018 01:58:10 PM,2,0.4,1,N,140,140,1,3.5,0,0.5,0.85,0,0.3,5.15
2,02/09/2018 01:30:48 PM,02/09/2018 01:36:33 PM,1,0.9,1,N,263,141,2,6,0,0.5,0,0,0.3,6.8
2,02/09/2018 01:40:33 PM,02/09/2018 01:44:47 PM,1,0.72,1,N,141,229,1,5,0,0.5,1.16,0,0.3,6.96
2,02/09/2018 01:47:50 PM,02/09/2018 02:04:08 PM,1,1.68,1,N,229,100,1,11,0,0.5,2.36,0,0.3,14.16
1,02/09/2018 01:26:55 PM,02/09/2018 01:35:36 PM,1,0.9,1,N,144,113,1,7,0,0.5,2.3,0,0.3,10.1
1,02/09/2018 01:43:06 PM,02/09/2018 02:03:41 PM,2,1.4,1,N,249,107,1,13,0,0.5,2.76,0,0.3,16.56
1,02/09/2018 01:12:43 PM,02/09/2018 01:22:51 PM,1,1.7,1,N,162,107,1,8.5,0,0.5,1.86,0,0.3,11.16
1,02/09/2018 01:30:37 PM,02/09/2018 01:35:46 PM,1,0.8,1,N,162,162,1,5.5,0,0.5,0.7,0,0.3,7
1,02/09/2018 01:42:51 PM,02/09/2018 01:51:03 PM,1,1.3,1,N,237,229,1,7.5,0,0.5,1.65,0,0.3,9.95
1,02/09/2018 01:56:09 PM,02/09/2018 02:32:17 PM,1,4.8,1,N,162,166,1,24,0,0.5,4.95,0,0.3,29.75
1,02/09/2018 01:56:45 PM,02/09/2018 02:14:16 PM,1,2,1,N,107,161,1,12,0,0.5,1,0,0.3,13.8
1,02/09/2018 01:08:01 PM,02/09/2018 01:16:05 PM,1,0.7,1,N,186,246,2,6.5,0,0.5,0,0,0.3,7.3
1,02/09/2018 01:20:50 PM,02/09/2018 01:34:32 PM,1,1.3,1,N,246,100,1,10,0,0.5,1,0,0.3,11.8
1,02/09/2018 01:35:09 PM,02/09/2018 01:38:58 PM,1,0.6,1,N,100,161,2,4.5,0,0.5,0,0,0.3,5.3
1,02/09/2018 01:43:08 PM,02/09/2018 01:51:23 PM,1,0.6,1,N,161,164,1,6.5,0,0.5,1.8,0,0.3,9.1
1,02/09/2018 01:53:19 PM,02/09/2018 02:07:00 PM,1,1.2,1,N,164,113,1,9.5,0,0.5,2.05,0,0.3,12.35
2,02/09/2018 01:20:43 PM,02/09/2018 02:06:32 PM,1,16.88,2,N,132,237,2,52,0,0.5,0,0,0.3,52.8
1,02/09/2018 01:05:42 PM,02/09/2018 01:09:14 PM,1,0.6,1,N,141,229,1,4.5,0,0.5,1.05,0,0.3,6.35
1,02/09/2018 01:15:05 PM,02/09/2018 01:50:19 PM,1,14.9,2,N,233,132,1,52,0,0.5,7,5.76,0.3,65.56
2,02/09/2018 01:02:17 PM,02/09/2018 01:08:45 PM,1,0.54,1,N,237,236,2,5.5,0,0.5,0,0,0.3,6.3
2,02/09/2018 01:09:07 PM,02/09/2018 01:21:09 PM,1,1.99,1,N,236,236,2,10,0,0.5,0,0,0.3,10.8
2,02/09/2018 01:28:29 PM,02/09/2018 01:40:20 PM,1,1.77,1,N,43,142,2,10,0,0.5,0,0,0.3,10.8
1,02/09/2018 01:00:21 PM,02/09/2018 01:22:26 PM,1,4,1,N,43,68,1,17,0,0.5,3.55,0,0.3,21.35
1,02/09/2018 01:32:35 PM,02/09/2018 01:44:24 PM,1,1.5,1,N,234,170,1,9,0,0.5,1.95,0,0.3,11.75
1,02/09/2018 01:58:29 PM,02/09/2018 02:20:04 PM,1,2.6,1,N,161,144,1,14.5,0,0.5,1,0,0.3,16.3
2,02/09/2018 01:08:29 PM,02/09/2018 01:39:45 PM,1,6.96,1,N,138,229,1,26.5,0,0.5,5.46,0,0.3,32.76
2,02/09/2018 01:44:22 PM,02/09/2018 01:54:51 PM,1,1.54,1,N,233,107,1,8.5,0,0.5,1,0,0.3,10.3
1,02/09/2018 01:55:36 PM,02/09/2018 02:01:32 PM,1,0.5,1,Y,263,236,1,5.5,0,0.5,1.25,0,0.3,7.55
1,02/09/2018 01:04:26 PM,02/09/2018 01:13:32 PM,2,1.2,1,N,90,249,1,7.5,0,0.5,1.65,0,0.3,9.95
1,02/09/2018 01:33:21 PM,02/09/2018 01:56:01 PM,2,2.4,1,N,186,140,1,15,0,0.5,1,0,0.3,16.8
1,02/09/2018 01:59:48 PM,02/09/2018 02:09:03 PM,2,1,1,N,140,237,1,7.5,0,0.5,1.65,0,0.3,9.95
1,02/09/2018 01:16:19 PM,02/09/2018 01:20:10 PM,1,0.4,1,N,142,50,4,4.5,0,0.5,0,0,0.3,5.3
1,02/09/2018 01:33:57 PM,02/09/2018 01:48:40 PM,1,0.9,1,N,246,100,2,10,0,0.5,0,0,0.3,10.8
1,02/09/2018 01:52:36 PM,02/09/2018 02:37:13 PM,1,16.2,2,N,170,132,1,52,0,0.5,17.55,5.76,0.3,76.11
2,02/09/2018 12:49:16 PM,02/09/2018 12:51:27 PM,4,0.28,1,N,161,161,1,3,0,0.5,0.95,0,0.3,4.75
2,02/09/2018 01:30:46 PM,02/09/2018 01:46:36 PM,4,0.85,1,N,114,144,1,10.5,0,0.5,2.26,0,0.3,13.56
1,02/09/2018 01:17:36 PM,02/09/2018 01:22:13 PM,1,0.2,1,N,230,230,1,4.5,0,0.5,2,0,0.3,7.3
1,02/09/2018 01:23:51 PM,02/09/2018 01:26:48 PM,1,0.5,1,N,230,100,2,4,0,0.5,0,0,0.3,4.8
1,02/09/2018 01:35:17 PM,02/09/2018 01:49:00 PM,1,1.7,1,N,186,163,2,10,0,0.5,0,0,0.3,10.8
1,02/09/2018 01:50:27 PM,02/09/2018 01:59:48 PM,1,1,1,N,163,161,1,7.5,0,0.5,2.05,0,0.3,10.35
2,02/09/2018 01:03:09 PM,02/09/2018 01:18:42 PM,1,1.21,1,N,68,107,2,10.5,0,0.5,0,0,0.3,11.3
2,02/09/2018 01:37:08 PM,02/09/2018 02:00:31 PM,1,2.86,1,N,162,43,2,15,0,0.5,0,0,0.3,15.8
2,02/09/2018 01:33:30 PM,02/09/2018 01:38:28 PM,1,0.86,1,N,48,48,1,5.5,0,0.5,1.26,0,0.3,7.56
1,02/09/2018 01:24:44 PM,02/09/2018 01:32:14 PM,1,1.8,1,N,65,144,1,8.5,0,0.5,2.3,0,0.3,11.6
1,02/09/2018 01:45:40 PM,02/09/2018 01:52:12 PM,1,2,1,N,158,246,1,7.5,0,0.5,1,0,0.3,9.3
1,02/09/2018 01:58:56 PM,02/09/2018 02:15:56 PM,1,2.1,1,N,186,162,1,11.5,0,0.5,3,0,0.3,15.3
2,02/09/2018 12:55:14 PM,02/09/2018 01:25:39 PM,3,17.1,2,N,132,162,1,52,0,0.5,11.71,5.76,0.3,70.27
2,02/09/2018 01:33:21 PM,02/09/2018 01:37:48 PM,3,0.47,1,N,170,137,2,4.5,0,0.5,0,0,0.3,5.3
2,02/09/2018 01:31:45 PM,02/09/2018 02:11:18 PM,6,16.61,1,N,261,138,1,47,0,0.5,10.71,5.76,0.3,64.27
2,02/09/2018 01:10:06 PM,02/09/2018 01:17:30 PM,6,1.39,1,N,125,13,2,7.5,0,0.5,0,0,0.3,8.3
2,02/09/2018 01:18:33 PM,02/09/2018 01:30:41 PM,6,1.45,1,N,13,211,1,9,0,0.5,1.96,0,0.3,11.76
2,02/09/2018 01:49:15 PM,02/09/2018 02:09:29 PM,6,3.58,1,N,234,141,1,15.5,0,0.5,4.89,0,0.3,21.19
1,02/09/2018 01:16:18 PM,02/09/2018 02:03:06 PM,2,21.2,2,Y,88,132,1,52,0,0.5,5,5.76,0.3,63.56
2,02/09/2018 01:54:30 PM,02/09/2018 02:09:55 PM,1,1.29,1,N,141,161,1,10.5,0,0.5,2,0,0.3,13.3
1,02/09/2018 01:53:59 PM,02/09/2018 02:28:17 PM,1,12.4,1,N,230,138,1,36.5,0,0.5,10.75,5.76,0.3,53.81
2,02/09/2018 01:13:45 PM,02/09/2018 01:23:43 PM,1,0.88,1,N,246,234,2,8,0,0.5,0,0,0.3,8.8
2,02/09/2018 01:48:59 PM,02/09/2018 02:13:08 PM,1,3.18,1,N,234,143,1,17,0,0.5,3.56,0,0.3,21.36
1,02/09/2018 01:48:57 PM,02/09/2018 02:15:49 PM,2,2.8,1,N,113,211,2,17.5,0,0.5,0,0,0.3,18.3
2,02/09/2018 01:07:25 PM,02/09/2018 01:24:40 PM,1,2.63,1,N,239,161,2,13,0,0.5,0,0,0.3,13.8
2,02/09/2018 01:25:02 PM,02/09/2018 01:30:29 PM,1,0.61,1,N,161,163,1,5,0,0.5,2.08,0,0.3,7.88
2,02/09/2018 01:33:18 PM,02/09/2018 01:39:37 PM,1,0.92,1,N,161,170,1,6,0,0.5,1.36,0,0.3,8.16
2,02/09/2018 01:27:26 PM,02/09/2018 01:33:31 PM,1,0.64,1,N,239,143,1,5.5,0,0.5,1.58,0,0.3,7.88
2,02/09/2018 01:39:44 PM,02/09/2018 01:54:41 PM,1,2.18,1,N,239,236,2,12,0,0.5,0,0,0.3,12.8
2,02/09/2018 01:56:51 PM,02/09/2018 02:25:55 PM,1,5.46,1,N,236,202,1,22,0,0.5,5.7,0,0.3,28.5
1,02/09/2018 01:53:58 PM,02/09/2018 02:22:40 PM,1,7.8,1,N,138,41,1,26.5,0,0.5,5,5.76,0.3,38.06
2,02/09/2018 01:28:32 PM,02/09/2018 01:51:02 PM,3,6.63,1,N,231,170,1,23,0,0.5,4.28,0,0.3,28.08
2,02/09/2018 01:31:39 PM,02/09/2018 01:55:58 PM,1,12.08,1,N,132,138,2,33.5,0,0.5,0,0,0.3,34.3
2,02/09/2018 01:39:31 PM,02/09/2018 02:31:25 PM,5,17.32,2,N,163,132,2,52,0,0.5,0,0,0.3,52.8
2,02/09/2018 12:58:50 PM,02/09/2018 01:01:49 PM,1,0.66,1,N,249,249,2,4.5,0,0.5,0,0,0.3,5.3
2,02/09/2018 01:42:15 PM,02/09/2018 01:54:52 PM,1,0.92,1,N,113,79,2,9,0,0.5,0,0,0.3,9.8
2,02/09/2018 01:57:26 PM,02/09/2018 02:07:31 PM,1,1.23,1,N,79,211,2,8,0,0.5,0,0,0.3,8.8
2,02/09/2018 01:01:59 PM,02/09/2018 01:05:22 PM,6,1.16,1,N,10,215,1,5.5,0,0.5,1.58,0,0.3,7.88
1,02/09/2018 01:01:07 PM,02/09/2018 01:14:38 PM,1,3,1,N,137,262,1,12,0,0.5,1.92,0,0.3,14.72
1,02/09/2018 01:21:54 PM,02/09/2018 01:29:06 PM,1,1,1,N,262,237,1,6.5,0,0.5,1.45,0,0.3,8.75
1,02/09/2018 01:38:15 PM,02/09/2018 01:48:27 PM,1,2,1,N,236,166,2,9.5,0,0.5,0,0,0.3,10.3
2,02/09/2018 01:41:10 PM,02/09/2018 02:02:20 PM,2,2.89,1,N,148,170,1,15,0,0.5,3.16,0,0.3,18.96
2,02/09/2018 12:59:41 PM,02/09/2018 01:17:53 PM,1,2.29,1,N,161,43,1,13,0,0.5,2.76,0,0.3,16.56
2,02/09/2018 01:19:22 PM,02/09/2018 01:26:53 PM,1,1.99,1,N,43,142,1,8.5,0,0.5,1.86,0,0.3,11.16
2,02/09/2018 01:30:44 PM,02/09/2018 01:41:19 PM,1,0.96,1,N,142,143,2,8,0,0.5,0,0,0.3,8.8
2,02/09/2018 01:45:23 PM,02/09/2018 01:53:14 PM,1,1.31,1,N,143,238,2,7.5,0,0.5,0,0,0.3,8.3
2,02/09/2018 12:59:56 PM,02/09/2018 01:11:23 PM,1,1.92,1,N,170,237,1,9.5,0,0.5,2.06,0,0.3,12.36
2,02/09/2018 01:12:53 PM,02/09/2018 01:25:46 PM,1,0.96,1,N,237,140,1,9.5,0,0.5,2.06,0,0.3,12.36
2,02/09/2018 01:35:57 PM,02/09/2018 01:55:02 PM,1,2.34,1,N,263,142,2,13.5,0,0.5,0,0,0.3,14.3
2,02/09/2018 01:06:24 PM,02/09/2018 01:22:11 PM,2,1.73,1,N,142,161,2,11,0,0.5,0,0,0.3,11.8
2,02/09/2018 01:31:43 PM,02/09/2018 01:32:50 PM,2,0.25,1,N,161,162,2,3,0,0.5,0,0,0.3,3.8
2,02/09/2018 01:37:06 PM,02/09/2018 01:42:34 PM,2,0.93,1,N,141,141,1,6,0,0.5,1.36,0,0.3,8.16
2,02/09/2018 01:47:46 PM,02/09/2018 01:54:12 PM,2,0.79,1,N,263,75,1,6,0,0.5,1,0,0.3,7.8
2,02/09/2018 01:04:35 PM,02/09/2018 01:08:31 PM,1,0.79,1,N,100,48,2,5,0,0.5,0,0,0.3,5.8
2,02/09/2018 01:09:17 PM,02/09/2018 01:18:09 PM,1,1.52,1,N,48,68,1,8,0,0.5,1.76,0,0.3,10.56
2,02/09/2018 01:21:57 PM,02/09/2018 01:26:49 PM,1,0.95,1,N,90,246,1,5.5,0,0.5,1.26,0,0.3,7.56
2,02/09/2018 01:28:15 PM,02/09/2018 01:47:36 PM,1,3.56,1,N,246,237,1,15.5,0,0.5,4.08,0,0.3,20.38
2,02/09/2018 01:52:58 PM,02/09/2018 02:13:47 PM,1,3.89,1,N,43,41,2,16.5,0,0.5,0,0,0.3,17.3
1,02/09/2018 01:03:36 PM,02/09/2018 01:08:15 PM,1,0.7,1,N,236,237,1,5,0,0.5,1.15,0,0.3,6.95
1,02/09/2018 01:11:02 PM,02/09/2018 01:41:04 PM,1,4.3,1,N,237,211,1,20.5,0,0.5,4.25,0,0.3,25.55
1,02/09/2018 01:45:01 PM,02/09/2018 02:09:27 PM,1,1.8,1,N,211,234,1,15.5,0,0.5,1.63,0,0.3,17.93
1,02/09/2018 01:00:37 PM,02/09/2018 01:02:55 PM,1,0.5,1,N,79,79,1,4,0,0.5,0.95,0,0.3,5.75
1,02/09/2018 01:05:54 PM,02/09/2018 01:16:20 PM,1,1.3,1,N,79,144,1,8.5,0,0.5,1.85,0,0.3,11.15
1,02/09/2018 01:20:03 PM,02/09/2018 01:38:41 PM,1,3.1,1,N,144,229,1,14.5,0,0.5,3.05,0,0.3,18.35
1,02/09/2018 01:39:37 PM,02/09/2018 01:46:30 PM,1,1.4,1,N,229,262,1,7,0,0.5,1.55,0,0.3,9.35
1,02/09/2018 01:51:18 PM,02/09/2018 01:58:52 PM,1,0.8,1,N,263,75,2,6.5,0,0.5,0,0,0.3,7.3
2,02/09/2018 01:13:17 PM,02/09/2018 01:20:10 PM,1,1,1,N,166,238,1,6.5,0,0.5,0.7,0,0.3,8
2,02/09/2018 01:23:32 PM,02/09/2018 01:28:41 PM,1,0.74,1,N,238,238,2,5.5,0,0.5,0,0,0.3,6.3
2,02/09/2018 01:25:53 PM,02/09/2018 01:39:06 PM,1,1.49,1,N,107,148,1,10,0,0.5,1.62,0,0.3,12.42
1,02/09/2018 01:06:11 PM,02/09/2018 01:18:09 PM,1,1.2,1,N,161,163,2,8.5,0,0.5,0,0,0.3,9.3
1,02/09/2018 01:30:11 PM,02/09/2018 01:43:27 PM,3,0.7,1,N,163,163,2,9,0,0.5,0,0,0.3,9.8
1,02/09/2018 01:47:55 PM,02/09/2018 02:00:52 PM,2,1.8,1,N,161,237,1,10,0,0.5,1.62,0,0.3,12.42
2,02/09/2018 01:10:10 PM,02/09/2018 01:17:09 PM,1,0.73,1,N,170,170,2,6,0,0.5,0,0,0.3,6.8
2,02/09/2018 01:18:25 PM,02/09/2018 01:24:56 PM,1,1.1,1,N,170,162,1,6.5,0,0.5,1.1,0,0.3,8.4
2,02/09/2018 01:26:08 PM,02/09/2018 01:42:23 PM,1,2.28,1,N,162,90,1,12,0,0.5,1.5,0,0.3,14.3
2,02/09/2018 01:44:57 PM,02/09/2018 02:03:22 PM,1,2.37,1,N,90,163,1,13,0,0.5,3.45,0,0.3,17.25
2,02/09/2018 01:33:25 PM,02/09/2018 01:47:54 PM,2,1.94,1,N,166,74,1,11,0,0.5,2.36,0,0.3,14.16
2,02/09/2018 01:50:45 PM,02/09/2018 01:57:20 PM,2,0.49,1,N,74,41,2,5.5,0,0.5,0,0,0.3,6.3
1,02/09/2018 01:05:07 PM,02/09/2018 01:23:24 PM,1,2.4,1,N,231,234,1,13.5,0,0.5,2.85,0,0.3,17.15
1,02/09/2018 01:27:02 PM,02/09/2018 01:36:25 PM,2,1.1,1,N,164,163,2,7.5,0,0.5,0,0,0.3,8.3
1,02/09/2018 01:42:04 PM,02/09/2018 01:54:55 PM,1,2.9,1,N,237,68,1,11.5,0,0.5,2.45,0,0.3,14.75
2,02/09/2018 01:02:39 PM,02/09/2018 01:26:19 PM,1,3.09,1,N,246,229,1,16.5,0,0.5,2.6,0,0.3,19.9
2,02/09/2018 01:26:48 PM,02/09/2018 01:34:37 PM,1,1.22,1,N,229,233,1,7,0,0.5,1.56,0,0.3,9.36
1,02/09/2018 01:54:30 PM,02/09/2018 01:55:02 PM,1,0.2,1,N,33,33,3,3,0,0.5,0,0,0.3,3.8
1,02/09/2018 01:25:17 PM,02/09/2018 01:43:01 PM,1,6.8,1,N,262,256,2,22.5,0,0.5,0,0,0.3,23.3
1,02/09/2018 01:58:42 PM,02/09/2018 02:00:14 PM,1,0.4,1,N,79,79,1,3.5,0,0.5,0.85,0,0.3,5.15
1,02/09/2018 01:32:53 PM,02/09/2018 01:42:55 PM,1,1,1,N,230,50,1,8,0,0.5,1.75,0,0.3,10.55
1,02/09/2018 01:53:58 PM,02/09/2018 01:59:05 PM,1,0.9,1,N,48,142,1,5.5,0,0.5,1,0,0.3,7.3
2,02/09/2018 01:16:25 PM,02/09/2018 01:21:24 PM,1,0.46,1,N,246,48,1,5,0,0.5,1.16,0,0.3,6.96
2,02/09/2018 01:22:11 PM,02/09/2018 01:29:00 PM,1,0.93,1,N,48,230,2,6.5,0,0.5,0,0,0.3,7.3
2,02/09/2018 01:38:02 PM,02/09/2018 01:45:37 PM,1,1.37,1,N,237,236,2,7.5,0,0.5,0,0,0.3,8.3
2,02/09/2018 01:48:40 PM,02/09/2018 02:42:05 PM,1,13.13,1,N,236,164,2,47,0,0.5,0,5.76,0.3,53.56
2,02/09/2018 01:00:57 PM,02/09/2018 01:08:38 PM,1,0.77,1,N,239,238,1,6.5,0,0.5,1.46,0,0.3,8.76
2,02/09/2018 01:13:17 PM,02/09/2018 01:15:48 PM,1,0.55,1,N,239,142,2,4,0,0.5,0,0,0.3,4.8
2,02/09/2018 01:23:57 PM,02/09/2018 01:25:21 PM,1,0.4,1,N,48,163,1,3.5,0,0.5,1.08,0,0.3,5.38
2,02/09/2018 01:33:23 PM,02/09/2018 01:47:37 PM,1,0.77,1,N,162,230,1,9.5,0,0.5,2.06,0,0.3,12.36
2,02/09/2018 01:55:01 PM,02/09/2018 02:25:00 PM,1,3.63,1,N,230,211,1,19.5,0,0.5,4.06,0,0.3,24.36
1,02/09/2018 01:55:03 PM,02/09/2018 01:59:34 PM,1,0.7,1,N,129,129,2,5,0,0.5,0,0,0.3,5.8
2,02/09/2018 01:42:56 PM,02/09/2018 02:20:22 PM,1,5.59,1,N,179,48,2,26.5,0,0.5,0,0,0.3,27.3
2,02/09/2018 12:57:45 PM,02/09/2018 01:50:58 PM,2,18.9,2,N,132,231,2,52,0,0.5,0,0,0.3,52.8
2,02/09/2018 01:52:03 PM,02/09/2018 01:58:00 PM,2,0.31,1,N,231,45,1,5.5,0,0.5,1.26,0,0.3,7.56
1,02/09/2018 01:38:57 PM,02/09/2018 01:52:41 PM,1,1.2,1,N,144,231,1,10,0,0.5,1,0,0.3,11.8
1,02/09/2018 01:54:31 PM,02/09/2018 02:06:46 PM,2,2.7,1,N,231,246,2,12,0,0.5,0,0,0.3,12.8
2,02/09/2018 12:59:21 PM,02/09/2018 01:14:30 PM,5,1.14,1,N,234,100,1,10,0,0.5,2,0,0.3,12.8
2,02/09/2018 01:18:23 PM,02/09/2018 01:21:57 PM,5,0.61,1,N,48,230,1,4.5,0,0.5,2,0,0.3,7.3
2,02/09/2018 01:51:49 PM,02/09/2018 02:01:45 PM,5,1.37,1,N,100,233,1,8,0,0.5,1.76,0,0.3,10.56
1,02/09/2018 01:20:10 PM,02/09/2018 02:08:26 PM,1,20.6,2,N,233,132,1,52,0,0.5,17.55,5.76,0.3,76.11
2,02/09/2018 01:40:29 PM,02/09/2018 01:49:55 PM,2,1.39,1,N,239,236,1,8,0,0.5,1.76,0,0.3,10.56
2,02/09/2018 01:07:33 PM,02/09/2018 01:13:16 PM,1,0.94,1,N,75,236,1,6,0,0.5,1.02,0,0.3,7.82
2,02/09/2018 01:14:00 PM,02/09/2018 01:18:52 PM,1,0.84,1,N,236,237,2,5.5,0,0.5,0,0,0.3,6.3
2,02/09/2018 01:53:05 PM,02/09/2018 02:25:27 PM,1,9.55,1,N,163,138,1,32.5,0,0.5,8.32,0,0.3,41.62
2,02/09/2018 01:03:23 PM,02/09/2018 01:09:33 PM,1,0.71,1,N,230,100,1,5.5,0,0.5,1.26,0,0.3,7.56
2,02/09/2018 01:19:19 PM,02/09/2018 02:04:59 PM,1,20.33,2,N,100,132,1,52,0,0.5,11.71,5.76,0.3,70.27
1,02/09/2018 01:23:59 PM,02/09/2018 01:27:27 PM,1,1.1,1,N,75,74,1,5,0,0.5,1,0,0.3,6.8
1,02/09/2018 01:32:03 PM,02/09/2018 01:37:20 PM,1,1.1,1,N,74,75,2,6,0,0.5,0,0,0.3,6.8
1,02/09/2018 01:41:46 PM,02/09/2018 01:49:37 PM,1,1.3,1,N,43,237,2,7,0,0.5,0,0,0.3,7.8
1,02/09/2018 01:53:39 PM,02/09/2018 02:03:22 PM,1,1.1,1,N,236,237,2,8,0,0.5,0,0,0.3,8.8
2,02/09/2018 01:14:31 PM,02/09/2018 01:25:27 PM,2,1.89,1,N,143,237,1,9.5,0,0.5,2,0,0.3,12.3
2,02/09/2018 01:28:03 PM,02/09/2018 01:39:52 PM,2,1.53,1,N,43,143,1,9,0,0.5,1.96,0,0.3,11.76
2,02/09/2018 01:41:21 PM,02/09/2018 01:45:57 PM,2,1,1,N,50,48,2,5.5,0,0.5,0,0,0.3,6.3
2,02/09/2018 01:53:42 PM,02/09/2018 01:59:47 PM,2,0.35,1,N,230,100,2,5.5,0,0.5,0,0,0.3,6.3
2,02/09/2018 01:11:00 PM,02/09/2018 01:19:21 PM,1,0.92,1,N,230,100,1,7,0,0.5,1.56,0,0.3,9.36
2,02/09/2018 01:29:19 PM,02/09/2018 01:44:38 PM,1,2.18,1,N,48,143,2,11.5,0,0.5,0,0,0.3,12.3
2,02/09/2018 01:50:54 PM,02/09/2018 01:59:21 PM,1,1.28,1,N,142,237,1,7.5,0,0.5,1.66,0,0.3,9.96
2,02/09/2018 01:13:19 PM,02/09/2018 01:40:12 PM,6,3.2,1,N,263,48,2,17.5,0,0.5,0,0,0.3,18.3
2,02/09/2018 01:47:14 PM,02/09/2018 01:50:54 PM,6,0.96,1,N,48,143,1,5,0,0.5,1.16,0,0.3,6.96
1,02/09/2018 01:42:46 PM,02/09/2018 01:49:38 PM,2,0.9,1,N,166,74,2,6,0,0.5,0,0,0.3,6.8
1,02/09/2018 01:54:38 PM,02/09/2018 01:58:12 PM,1,0.7,1,N,74,74,3,4.5,0,0.5,0,0,0.3,5.3
2,02/09/2018 01:32:05 PM,02/09/2018 01:54:22 PM,1,2.72,1,N,161,158,2,15,0,0.5,0,0,0.3,15.8
2,02/09/2018 01:55:15 PM,02/09/2018 02:19:49 PM,1,2.61,1,N,158,170,1,16.5,0,0.5,4,0,0.3,21.3
2,02/09/2018 01:19:39 PM,02/09/2018 01:31:28 PM,1,1.04,1,N,162,161,1,8.5,0,0.5,1.86,0,0.3,11.16
2,02/09/2018 01:32:55 PM,02/09/2018 01:49:46 PM,1,2.31,1,N,161,113,1,12,0,0.5,2.56,0,0.3,15.36
2,02/09/2018 01:52:46 PM,02/09/2018 02:07:18 PM,1,1.01,1,N,113,211,2,10,0,0.5,0,0,0.3,10.8
1,02/09/2018 01:20:40 PM,02/09/2018 01:34:07 PM,1,1.9,1,N,48,141,2,10.5,0,0.5,0,0,0.3,11.3
1,02/09/2018 01:35:17 PM,02/09/2018 01:41:38 PM,1,1.1,1,N,141,263,2,6.5,0,0.5,0,0,0.3,7.3
1,02/09/2018 01:59:07 PM,02/09/2018 02:08:13 PM,1,1.4,1,N,141,262,1,7.5,0,0.5,1.25,0,0.3,9.55
1,02/09/2018 01:35:49 PM,02/09/2018 01:43:48 PM,1,0.7,1,N,234,107,1,6.5,0,0.5,1.1,0,0.3,8.4
1,02/09/2018 01:48:23 PM,02/09/2018 01:57:26 PM,1,2.8,1,N,107,232,2,10.5,0,0.5,0,0,0.3,11.3
1,02/09/2018 01:17:17 PM,02/09/2018 01:58:36 PM,1,17.2,3,N,161,1,2,68,0,0,0,16.25,0.3,84.55
1,02/09/2018 01:36:54 PM,02/09/2018 02:11:14 PM,1,9.8,1,N,138,186,2,34,0,0.5,0,5.76,0.3,40.56
2,02/09/2018 01:02:12 PM,02/09/2018 01:05:37 PM,1,0.38,1,N,151,151,2,4.5,0,0.5,0,0,0.3,5.3
2,02/09/2018 01:08:31 PM,02/09/2018 01:15:17 PM,1,1.43,1,N,238,143,2,7,0,0.5,0,0,0.3,7.8
2,02/09/2018 01:29:14 PM,02/09/2018 01:52:47 PM,1,5.73,1,N,151,90,1,22,0,0.5,1,0,0.3,23.8
2,02/09/2018 01:54:14 PM,02/09/2018 02:05:33 PM,1,1.56,1,N,90,161,1,9,0,0.5,1.96,0,0.3,11.76
2,02/09/2018 01:53:12 PM,02/09/2018 02:01:11 PM,4,0.78,1,N,161,230,2,6.5,0,0.5,0,0,0.3,7.3
2,02/09/2018 01:08:06 PM,02/09/2018 01:26:00 PM,1,3.14,1,N,239,68,1,14,0,0.5,2.96,0,0.3,17.76
2,02/09/2018 01:31:58 PM,02/09/2018 01:37:33 PM,1,1,1,N,68,186,1,6,0,0.5,1.36,0,0.3,8.16
2,02/09/2018 01:40:29 PM,02/09/2018 01:47:32 PM,1,0.57,1,N,186,48,2,6,0,0.5,0,0,0.3,6.8
2,02/09/2018 01:21:14 PM,02/09/2018 01:37:30 PM,1,1.81,1,N,107,100,1,11.5,0,0.5,1.5,0,0.3,13.8
2,02/09/2018 01:48:02 PM,02/09/2018 01:55:30 PM,1,1.39,1,N,163,237,2,7,0,0.5,0,0,0.3,7.8
1,02/09/2018 01:09:20 PM,02/09/2018 01:17:38 PM,1,0.9,1,N,164,161,2,7,0,0.5,0,0,0.3,7.8
1,02/09/2018 01:20:48 PM,02/09/2018 01:27:45 PM,1,1.1,1,N,161,237,1,6.5,0,0.5,1,0,0.3,8.3
1,02/09/2018 01:32:13 PM,02/09/2018 01:44:33 PM,1,2,1,N,237,233,1,10,0,0.5,2.15,0,0.3,12.95
1,02/09/2018 01:41:19 PM,02/09/2018 01:57:01 PM,1,1.9,1,N,234,163,1,11,0,0.5,1,0,0.3,12.8
1,02/09/2018 01:58:15 PM,02/09/2018 02:10:09 PM,1,1.8,1,N,163,262,1,9.5,0,0.5,1.55,0,0.3,11.85
2,02/09/2018 01:40:01 PM,02/09/2018 02:24:18 PM,1,23.21,1,N,132,51,2,64.5,0,0.5,0,5.76,0.3,71.06
2,02/09/2018 01:03:15 PM,02/09/2018 01:08:56 PM,1,0.83,1,N,237,237,1,6,0,0.5,1.36,0,0.3,8.16
2,02/09/2018 01:19:53 PM,02/09/2018 01:32:17 PM,1,2.45,1,N,161,236,1,10,0,0.5,2.16,0,0.3,12.96
2,02/09/2018 01:38:16 PM,02/09/2018 01:43:38 PM,1,0.77,1,N,236,141,1,5.5,0,0.5,1.26,0,0.3,7.56
2,02/09/2018 01:49:22 PM,02/09/2018 02:03:37 PM,1,1.7,1,N,237,161,1,10.5,0,0.5,2.26,0,0.3,13.56
1,02/09/2018 01:17:48 PM,02/09/2018 01:36:29 PM,1,2.3,1,N,164,68,2,14,0,0.5,0,0,0.3,14.8
1,02/09/2018 01:36:56 PM,02/09/2018 01:42:37 PM,1,1.2,1,N,68,246,1,6.5,0,0.5,1.45,0,0.3,8.75
2,02/09/2018 01:01:35 PM,02/09/2018 01:28:38 PM,1,5.56,1,N,163,261,1,22.5,0,0.5,4.66,0,0.3,27.96
2,02/09/2018 01:47:29 PM,02/09/2018 01:58:43 PM,1,1.05,1,N,68,234,1,8.5,0,0.5,1.5,0,0.3,10.8
2,02/09/2018 01:57:56 PM,02/09/2018 02:50:18 PM,1,14.67,1,N,138,257,1,45,0,0.5,5,0,0.3,50.8
1,02/09/2018 01:48:55 PM,02/09/2018 02:54:26 PM,1,20.1,2,N,132,87,1,52,0,0.5,10.55,0,0.3,63.35
1,02/09/2018 01:03:36 PM,02/09/2018 01:11:18 PM,1,1.1,1,N,48,230,2,7,0,0.5,0,0,0.3,7.8
1,02/09/2018 01:14:29 PM,02/09/2018 01:27:52 PM,1,2.3,1,N,100,237,2,10.5,0,0.5,0,0,0.3,11.3
1,02/09/2018 01:33:49 PM,02/09/2018 01:37:59 PM,1,0.6,1,N,162,162,1,5,0,0.5,1.16,0,0.3,6.96
1,02/09/2018 01:44:25 PM,02/09/2018 01:56:55 PM,1,1.6,1,N,107,158,1,9.5,0,0.5,2.05,0,0.3,12.35
1,02/09/2018 01:57:49 PM,02/09/2018 02:17:10 PM,1,1.8,1,N,158,144,2,13,0,0.5,0,0,0.3,13.8
1,02/09/2018 01:49:33 PM,02/09/2018 02:07:32 PM,1,8.1,1,N,138,170,1,23.5,0,0.5,4,5.76,0.3,34.06
2,02/09/2018 01:05:27 PM,02/09/2018 01:26:47 PM,2,3.49,1,N,143,113,1,16,0,0.5,2.52,0,0.3,19.32
2,02/09/2018 01:33:47 PM,02/09/2018 01:46:20 PM,2,2.1,1,N,90,163,1,10,0,0.5,0,0,0.3,10.8
2,02/09/2018 01:49:27 PM,02/09/2018 01:51:19 PM,2,0.3,1,N,163,161,1,3.5,0,0.5,0,0,0.3,4.3
2,02/09/2018 01:01:08 PM,02/09/2018 01:39:56 PM,1,11.55,1,N,230,138,1,37.5,0,0.5,8.81,5.76,0.3,52.87
1,02/09/2018 01:09:57 PM,02/09/2018 01:12:58 PM,1,0.6,1,N,236,263,2,4,0,0.5,0,0,0.3,4.8
1,02/09/2018 01:22:01 PM,02/09/2018 01:51:16 PM,1,3.7,1,N,262,48,2,20,0,0.5,0,0,0.3,20.8
1,02/09/2018 01:56:18 PM,02/09/2018 02:05:54 PM,1,1.1,1,N,100,162,2,7.5,0,0.5,0,0,0.3,8.3
1,02/09/2018 01:04:53 PM,02/09/2018 01:11:58 PM,1,1.4,1,N,238,236,2,7.5,0,0.5,0,0,0.3,8.3
1,02/09/2018 01:16:36 PM,02/09/2018 01:28:43 PM,1,1.7,1,N,236,162,2,10,0,0.5,0,0,0.3,10.8
1,02/09/2018 01:31:40 PM,02/09/2018 01:42:24 PM,1,2,1,N,162,263,1,10,0,0.5,2.15,0,0.3,12.95
1,02/09/2018 01:47:05 PM,02/09/2018 01:54:30 PM,1,0.5,1,N,236,236,1,6,0,0.5,1.36,0,0.3,8.16
1,02/09/2018 01:57:26 PM,02/09/2018 02:10:19 PM,1,2.3,1,N,237,107,1,11,0,0.5,2.35,0,0.3,14.15
2,02/09/2018 01:07:02 PM,02/09/2018 01:16:20 PM,1,1.27,1,N,100,162,2,7.5,0,0.5,0,0,0.3,8.3
2,02/09/2018 01:20:22 PM,02/09/2018 01:33:05 PM,1,1.46,1,N,229,163,1,9.5,0,0.5,2.06,0,0.3,12.36
2,02/09/2018 01:42:15 PM,02/09/2018 01:53:32 PM,1,2.78,1,N,142,166,1,11,0,0.5,0.83,0,0.3,12.63
1,02/09/2018 01:49:12 PM,02/09/2018 02:49:56 PM,1,18.1,1,N,158,132,1,54.5,0,0.5,6,5.76,0.3,67.06
2,02/09/2018 12:59:46 PM,02/09/2018 01:19:03 PM,1,10.92,1,N,138,185,1,31.5,0,0.5,9.52,5.76,0.3,47.58
1,02/09/2018 01:40:23 PM,02/09/2018 01:47:43 PM,1,1.1,1,N,263,141,2,7,0,0.5,0,0,0.3,7.8
1,02/09/2018 01:08:06 PM,02/09/2018 01:23:50 PM,1,1.4,1,N,162,186,1,11,0,0.5,2.35,0,0.3,14.15
1,02/09/2018 01:41:21 PM,02/09/2018 01:52:50 PM,1,1.8,1,N,161,140,2,9.5,0,0.5,0,0,0.3,10.3
1,02/09/2018 01:30:48 PM,02/09/2018 01:31:29 PM,1,0.2,1,N,112,112,2,3,0,0.5,0,0,0.3,3.8
1,02/09/2018 01:53:40 PM,02/09/2018 01:58:27 PM,1,0.9,1,N,79,107,1,5.5,0,0.5,1.25,0,0.3,7.55
1,02/09/2018 01:53:48 PM,02/09/2018 02:21:47 PM,2,8.1,1,N,138,236,1,26,0,0.5,6.5,5.76,0.3,39.06
2,02/09/2018 01:00:12 PM,02/09/2018 01:09:09 PM,1,0.74,1,N,161,230,2,7,0,0.5,0,0,0.3,7.8
2,02/09/2018 01:10:43 PM,02/09/2018 01:21:56 PM,1,3.64,1,N,230,238,2,13,0,0.5,0,0,0.3,13.8
2,02/09/2018 01:23:23 PM,02/09/2018 01:44:36 PM,1,3.08,1,N,238,140,2,15.5,0,0.5,0,0,0.3,16.3
2,02/09/2018 01:45:07 PM,02/09/2018 01:54:12 PM,1,2.67,1,N,140,107,1,10.5,0,0.5,3.39,0,0.3,14.69
2,02/09/2018 01:15:25 PM,02/09/2018 02:08:23 PM,3,17.43,2,N,230,132,2,52,0,0.5,0,5.76,0.3,58.56
2,02/09/2018 01:27:42 PM,02/09/2018 01:57:56 PM,1,10.23,1,N,138,163,1,33,0,0.5,7.91,5.76,0.3,47.47
1,02/09/2018 01:03:07 PM,02/09/2018 01:11:46 PM,1,1.1,1,N,158,186,1,7.5,0,0.5,1.65,0,0.3,9.95
1,02/09/2018 01:13:52 PM,02/09/2018 01:28:43 PM,1,0.3,1,N,68,100,2,10,0,0.5,0,0,0.3,10.8
1,02/09/2018 01:42:12 PM,02/09/2018 01:50:47 PM,1,0.9,1,N,186,246,1,7,0,0.5,1.55,0,0.3,9.35
1,02/09/2018 01:52:21 PM,02/09/2018 01:59:26 PM,1,0.9,1,N,246,68,1,6.5,0,0.5,1.8,0,0.3,9.1
1,02/09/2018 01:27:00 PM,02/09/2018 02:19:04 PM,2,18.9,2,N,132,114,1,52,0,0.5,14.6,5.76,0.3,73.16
2,02/09/2018 01:21:09 PM,02/09/2018 02:00:46 PM,1,10.38,1,N,186,138,1,36.5,0,0.5,12.92,5.76,0.3,55.98
2,02/09/2018 01:19:38 PM,02/09/2018 01:54:06 PM,4,15.64,3,N,113,1,1,63.5,0,0,0,16.5,0.3,80.3
1,02/09/2018 01:19:53 PM,02/09/2018 01:41:46 PM,2,11.6,1,N,132,138,2,32,0,0.5,0,0,0.3,32.8
2,02/09/2018 01:44:31 PM,02/09/2018 01:52:28 PM,1,0.71,1,N,249,113,1,6.5,0,0.5,1.82,0,0.3,9.12
1,02/09/2018 01:14:19 PM,02/09/2018 01:18:13 PM,1,0.5,1,N,264,264,1,4.5,0,0.5,1.05,0,0.3,6.35
1,02/09/2018 01:48:53 PM,02/09/2018 02:03:35 PM,1,2.2,1,N,264,264,1,11,0,0.5,2.95,0,0.3,14.75
2,02/09/2018 01:16:03 PM,02/09/2018 01:19:30 PM,1,0.86,1,N,43,239,1,5,0,0.5,1.45,0,0.3,7.25
2,02/09/2018 01:22:27 PM,02/09/2018 01:28:11 PM,1,1.45,1,N,43,24,1,7,0,0.5,0,0,0.3,7.8
2,02/09/2018 01:45:06 PM,02/09/2018 01:58:07 PM,1,1.99,1,N,43,229,2,10.5,0,0.5,0,0,0.3,11.3
2,02/09/2018 01:04:01 PM,02/09/2018 01:08:33 PM,1,0.64,1,N,100,230,1,5,0,0.5,1.16,0,0.3,6.96
2,02/09/2018 01:10:58 PM,02/09/2018 01:18:31 PM,1,0.79,1,N,230,161,1,6.5,0,0.5,1.46,0,0.3,8.76
2,02/09/2018 01:43:18 PM,02/09/2018 01:53:56 PM,1,1.48,1,N,107,249,1,8.5,0,0.5,1.86,0,0.3,11.16
2,02/09/2018 01:03:11 PM,02/09/2018 01:06:39 PM,1,0.99,1,N,43,236,1,5,0,0.5,1.16,0,0.3,6.96
2,02/09/2018 01:11:56 PM,02/09/2018 01:34:01 PM,1,3.54,1,N,237,113,1,16.5,0,0.5,3.46,0,0.3,20.76
2,02/09/2018 01:35:55 PM,02/09/2018 01:57:01 PM,1,1.78,1,N,113,170,1,14,0,0.5,2.96,0,0.3,17.76
2,02/09/2018 01:08:22 PM,02/09/2018 01:19:31 PM,1,1.29,1,N,170,229,1,8.5,0,0.5,0.65,0,0.3,9.95
2,02/09/2018 01:22:13 PM,02/09/2018 01:30:00 PM,1,1.72,1,N,229,107,2,8,0,0.5,0,0,0.3,8.8
2,02/09/2018 01:50:09 PM,02/09/2018 02:32:37 PM,1,3.27,1,N,140,186,1,25.5,0,0.5,3,0,0.3,29.3
1,02/09/2018 01:09:43 PM,02/09/2018 01:31:33 PM,1,3.1,1,N,170,239,1,15,0,0.5,3.16,0,0.3,18.96
1,02/09/2018 01:19:46 PM,02/09/2018 01:25:09 PM,1,0.8,1,N,233,237,1,5.5,0,0.5,1,0,0.3,7.3
1,02/09/2018 01:40:26 PM,02/09/2018 01:54:52 PM,1,1.4,1,N,263,238,1,10.5,0,0.5,2.7,0,0.3,14
2,02/09/2018 01:22:44 PM,02/09/2018 01:26:44 PM,1,0.42,1,N,234,234,1,4.5,0,0.5,1.06,0,0.3,6.36
2,02/09/2018 01:31:01 PM,02/09/2018 01:39:16 PM,1,0.56,1,N,234,186,1,6.5,0,0.5,1.46,0,0.3,8.76
2,02/09/2018 01:45:50 PM,02/09/2018 02:10:05 PM,1,2.17,1,N,186,144,1,15.5,0,0.5,4.08,0,0.3,20.38
2,02/09/2018 01:34:30 PM,02/09/2018 01:43:10 PM,3,1.85,1,N,239,166,1,8.5,0,0.5,1.86,0,0.3,11.16
2,02/09/2018 01:47:01 PM,02/09/2018 01:54:19 PM,3,1.26,1,N,166,238,2,7,0,0.5,0,0,0.3,7.8
2,02/09/2018 01:58:12 PM,02/09/2018 02:08:34 PM,3,1.49,1,N,239,237,2,9,0,0.5,0,0,0.3,9.8
2,02/09/2018 01:11:41 PM,02/09/2018 01:28:24 PM,5,1.83,1,N,234,162,1,12,0,0.5,2.56,0,0.3,15.36
2,02/09/2018 01:30:59 PM,02/09/2018 01:33:49 PM,5,0.46,1,N,161,237,2,4,0,0.5,0,0,0.3,4.8
2,02/09/2018 01:37:28 PM,02/09/2018 01:41:04 PM,5,0.66,1,N,237,237,1,4.5,0,0.5,1.06,0,0.3,6.36
2,02/09/2018 01:44:51 PM,02/09/2018 02:17:32 PM,5,7.47,1,N,43,138,1,28,0,0.5,5.76,0,0.3,34.56
1,02/09/2018 01:04:48 PM,02/09/2018 01:18:11 PM,1,2,1,N,264,68,1,10.5,0,0.5,2.25,0,0.3,13.55
1,02/09/2018 01:26:49 PM,02/09/2018 01:49:43 PM,1,3.6,1,N,68,236,1,17,0,0.5,5.3,0,0.3,23.1
1,02/09/2018 01:57:22 PM,02/09/2018 02:15:17 PM,1,2.4,1,N,237,48,1,13,0,0.5,1,0,0.3,14.8
1,02/09/2018 01:45:16 PM,02/09/2018 01:53:13 PM,0,0.6,1,N,164,186,1,6.5,0,0.5,1.45,0,0.3,8.75
2,02/09/2018 01:31:26 PM,02/09/2018 01:43:11 PM,1,0.9,1,N,231,87,2,8.5,0,0.5,0,0,0.3,9.3
2,02/09/2018 01:57:16 PM,02/09/2018 02:20:53 PM,1,2.4,1,N,231,186,1,15.5,0,0.5,3.26,0,0.3,19.56
2,02/09/2018 01:39:29 PM,02/09/2018 01:41:35 PM,6,0.53,1,N,100,230,2,3.5,0,0.5,0,0,0.3,4.3
2,02/09/2018 01:44:06 PM,02/09/2018 02:00:02 PM,6,1.73,1,N,230,50,2,11.5,0,0.5,0,0,0.3,12.3
2,02/09/2018 01:12:15 PM,02/09/2018 01:22:42 PM,1,1.72,1,N,161,43,1,9,0,0.5,1.96,0,0.3,11.76
2,02/09/2018 01:28:37 PM,02/09/2018 01:31:23 PM,1,0.41,1,N,43,237,1,4,0,0.5,0.48,0,0.3,5.28
2,02/09/2018 01:32:35 PM,02/09/2018 01:56:15 PM,1,9.31,1,N,237,138,1,28.5,0,0.5,5.86,0,0.3,35.16
1,02/09/2018 01:02:45 PM,02/09/2018 01:21:36 PM,1,2.7,1,N,140,234,1,14,0,0.5,1.48,0,0.3,16.28
1,02/09/2018 01:23:10 PM,02/09/2018 01:44:02 PM,1,2.2,1,N,234,246,1,14,0,0.5,3.7,0,0.3,18.5
1,02/09/2018 01:45:02 PM,02/09/2018 01:48:24 PM,1,0.9,1,N,50,246,1,5,0,0.5,1,0,0.3,6.8
1,02/09/2018 01:49:35 PM,02/09/2018 02:02:13 PM,1,1.7,1,N,246,100,1,9.5,0,0.5,2.05,0,0.3,12.35
2,02/09/2018 01:48:33 PM,02/09/2018 02:34:27 PM,1,11.16,1,N,138,142,1,38,0,0.5,9,5.76,0.3,53.56
2,02/09/2018 01:04:43 PM,02/09/2018 01:07:53 PM,6,0.15,1,N,163,163,3,-4,0,-0.5,0,0,-0.3,-4.8
2,02/09/2018 01:04:43 PM,02/09/2018 01:07:53 PM,6,0.15,1,N,163,163,2,4,0,0.5,0,0,0.3,4.8
2,02/09/2018 01:12:47 PM,02/09/2018 01:32:12 PM,6,3.93,1,N,163,166,2,16,0,0.5,0,0,0.3,16.8
2,02/09/2018 01:54:20 PM,02/09/2018 02:10:47 PM,6,2.33,1,N,239,140,1,12.5,0,0.5,3.32,0,0.3,16.62
1,02/09/2018 01:02:12 PM,02/09/2018 01:07:06 PM,1,0.4,1,N,237,236,2,5,0,0.5,0,0,0.3,5.8
1,02/09/2018 01:09:10 PM,02/09/2018 01:16:17 PM,1,0.8,1,N,236,262,1,6.5,0,0.5,0,0,0.3,7.3
1,02/09/2018 01:32:23 PM,02/09/2018 01:50:58 PM,1,1.8,1,N,142,48,1,13,0,0.5,8,0,0.3,21.8
1,02/09/2018 01:54:41 PM,02/09/2018 02:08:51 PM,1,2.3,1,N,100,237,1,11.5,0,0.5,2.45,0,0.3,14.75
2,02/09/2018 01:04:25 PM,02/09/2018 01:13:50 PM,1,1.15,1,N,230,50,1,7.5,0,0.5,1.66,0,0.3,9.96
2,02/09/2018 01:17:50 PM,02/09/2018 01:25:33 PM,1,0.86,1,N,50,100,1,6.5,0,0.5,1.46,0,0.3,8.76
2,02/09/2018 01:34:20 PM,02/09/2018 01:47:29 PM,1,1.23,1,N,161,68,1,9.5,0,0.5,1,0,0.3,11.3
2,02/09/2018 01:49:07 PM,02/09/2018 02:20:45 PM,1,4.04,1,N,68,145,1,20.5,0,0.5,3.2,0,0.3,24.5
2,02/09/2018 01:19:58 PM,02/09/2018 01:43:04 PM,1,1.69,1,N,234,100,1,14.5,0,0.5,3.06,0,0.3,18.36
2,02/09/2018 01:55:43 PM,02/09/2018 02:03:10 PM,1,0.83,1,N,142,237,2,7,0,0.5,0,0,0.3,7.8
2,02/09/2018 12:59:18 PM,02/09/2018 01:07:18 PM,1,1.27,1,N,138,138,2,7,0,0.5,0,0,0.3,7.8
1,02/09/2018 01:54:27 PM,02/09/2018 02:21:07 PM,1,9.5,1,N,138,229,1,28,0,0.5,8.6,5.76,0.3,43.16
2,02/09/2018 01:16:09 PM,02/09/2018 01:33:11 PM,5,4.87,1,N,33,79,1,17,0,0.5,0,0,0.3,17.8
2,02/09/2018 01:34:13 PM,02/09/2018 01:54:24 PM,5,2.87,1,N,79,246,2,15.5,0,0.5,0,0,0.3,16.3
1,02/09/2018 01:29:34 PM,02/09/2018 01:35:03 PM,1,0.8,1,N,230,100,2,5.5,0,0.5,0,0,0.3,6.3
1,02/09/2018 01:44:15 PM,02/09/2018 02:02:33 PM,1,2,1,N,186,142,2,12.5,0,0.5,0,0,0.3,13.3
1,02/09/2018 01:00:37 PM,02/09/2018 01:09:57 PM,1,0.7,1,N,263,236,2,7,0,0.5,0,0,0.3,7.8
1,02/09/2018 01:31:00 PM,02/09/2018 01:38:35 PM,1,0.9,1,N,236,237,1,6.5,0,0.5,1.45,0,0.3,8.75
1,02/09/2018 01:39:37 PM,02/09/2018 01:46:55 PM,1,0.8,1,N,237,236,1,6.5,0,0.5,1.45,0,0.3,8.75
1,02/09/2018 01:49:14 PM,02/09/2018 02:05:18 PM,1,2,1,N,236,151,1,12.5,0,0.5,0,0,0.3,13.3
1,02/09/2018 01:08:21 PM,02/09/2018 01:17:07 PM,1,1.2,1,N,229,161,1,7.5,0,0.5,2.05,0,0.3,10.35
1,02/09/2018 01:19:45 PM,02/09/2018 01:32:43 PM,3,2.2,1,N,161,79,1,10.5,0,0.5,2.25,0,0.3,13.55
1,02/09/2018 01:47:39 PM,02/09/2018 01:54:29 PM,2,1.3,1,N,233,141,1,7,0,0.5,0.5,0,0.3,8.3
1,02/09/2018 01:56:38 PM,02/09/2018 02:38:24 PM,2,13.9,1,N,141,67,2,42,0,0.5,0,0,0.3,42.8
2,02/09/2018 01:17:06 PM,02/09/2018 01:22:02 PM,2,0.78,1,N,263,140,1,5.5,0,0.5,1.26,0,0.3,7.56
2,02/09/2018 01:25:24 PM,02/09/2018 01:46:25 PM,2,2.99,1,N,140,48,2,14.5,0,0.5,0,0,0.3,15.3
1,02/09/2018 01:50:04 PM,02/09/2018 02:02:40 PM,2,2.1,1,N,148,88,1,10.5,0,0.5,2.8,0,0.3,14.1
2,02/09/2018 01:50:08 PM,02/09/2018 02:27:29 PM,2,11.4,1,N,230,138,1,36.5,0,0.5,2.8,5.76,0.3,45.86
2,02/09/2018 01:16:16 PM,02/09/2018 01:20:44 PM,1,1.25,1,N,43,239,2,6,0,0.5,0,0,0.3,6.8
2,02/09/2018 01:23:52 PM,02/09/2018 01:40:50 PM,1,2.37,1,N,142,186,1,12.5,0,0.5,2.66,0,0.3,15.96
2,02/09/2018 01:44:15 PM,02/09/2018 02:36:02 PM,1,17.23,2,N,186,132,1,52,0,0.5,11.71,5.76,0.3,70.27
2,02/09/2018 01:21:41 PM,02/09/2018 01:21:52 PM,1,0,2,N,132,132,1,52,0,0.5,14.64,5.76,0.3,73.2
1,02/09/2018 01:22:03 PM,02/09/2018 01:24:26 PM,1,0.5,1,N,237,237,1,4,0,0.5,0.95,0,0.3,5.75
1,02/09/2018 01:26:31 PM,02/09/2018 01:32:17 PM,1,1.2,1,N,237,236,1,6.5,0,0.5,1,0,0.3,8.3
1,02/09/2018 01:52:25 PM,02/09/2018 02:02:58 PM,1,1.3,1,N,263,237,1,8,0,0.5,1.2,0,0.3,10
1,02/09/2018 01:22:14 PM,02/09/2018 01:48:43 PM,1,2.8,1,N,230,158,1,17,0,0.5,3.55,0,0.3,21.35
2,02/09/2018 01:16:08 PM,02/09/2018 01:22:40 PM,1,0.82,1,N,125,158,2,6,0,0.5,0,0,0.3,6.8
2,02/09/2018 01:28:04 PM,02/09/2018 01:43:57 PM,1,2.02,1,N,246,246,2,10.5,0,0.5,0,0,0.3,11.3
2,02/09/2018 01:44:46 PM,02/09/2018 01:48:29 PM,1,0.98,1,N,48,142,1,5,0,0.5,2,0,0.3,7.8
2,02/09/2018 01:49:19 PM,02/09/2018 02:04:11 PM,1,2.74,1,N,142,158,1,12,0,0.5,2.56,0,0.3,15.36
1,02/09/2018 01:50:20 PM,02/09/2018 02:38:46 PM,1,14,1,N,138,158,1,45.5,0,0.5,7.81,5.76,0.3,59.87
1,02/09/2018 01:04:16 PM,02/09/2018 01:15:42 PM,1,1.4,1,N,264,264,1,9,0,0.5,1.47,0,0.3,11.27
1,02/09/2018 01:18:49 PM,02/09/2018 01:34:29 PM,1,2.3,1,N,264,264,1,11.5,0,0.5,2.45,0,0.3,14.75
1,02/09/2018 01:43:59 PM,02/09/2018 01:59:48 PM,1,1.5,1,N,264,264,1,10.5,0,0.5,1.13,0,0.3,12.43
2,02/09/2018 01:18:01 PM,02/09/2018 01:33:05 PM,1,1.54,1,N,163,233,1,10.5,0,0.5,2.26,0,0.3,13.56
2,02/09/2018 01:05:17 PM,02/09/2018 01:11:48 PM,1,0.53,1,N,263,43,2,6,0,0.5,0,0,0.3,6.8
2,02/09/2018 01:13:37 PM,02/09/2018 01:31:03 PM,1,2.7,1,N,43,234,1,13.5,0,0.5,4.29,0,0.3,18.59
2,02/09/2018 01:32:25 PM,02/09/2018 01:39:35 PM,1,0.46,1,N,234,90,1,6,0,0.5,1.36,0,0.3,8.16
1,02/09/2018 01:58:03 PM,02/09/2018 02:07:41 PM,1,2,1,N,229,236,1,9,0,0.5,2.45,0,0.3,12.25
1,02/09/2018 01:04:40 PM,02/09/2018 01:18:51 PM,2,1.8,1,N,211,90,1,10.5,0,0.5,2.25,0,0.3,13.55
1,02/09/2018 01:27:07 PM,02/09/2018 02:24:02 PM,1,17.6,2,N,186,132,1,52,0,0.5,8,5.76,0.3,66.56
2,02/09/2018 01:11:09 PM,02/09/2018 01:21:13 PM,1,1.4,1,N,114,234,2,8.5,0,0.5,0,0,0.3,9.3
2,02/09/2018 01:32:52 PM,02/09/2018 01:39:40 PM,1,0.95,1,N,170,162,1,6.5,0,0.5,2,0,0.3,9.3
2,02/09/2018 01:42:50 PM,02/09/2018 02:03:12 PM,1,1.92,1,N,162,50,2,13,0,0.5,0,0,0.3,13.8
2,02/09/2018 01:09:20 PM,02/09/2018 01:23:19 PM,1,1.77,1,N,236,161,1,11,0,0.5,2.36,0,0.3,14.16
2,02/09/2018 01:28:19 PM,02/09/2018 01:29:53 PM,1,0.35,1,N,43,43,2,3.5,0,0.5,0,0,0.3,4.3
2,02/09/2018 01:37:44 PM,02/09/2018 01:40:47 PM,1,0.58,1,N,142,239,1,4.5,0,0.5,1.06,0,0.3,6.36
2,02/09/2018 01:49:08 PM,02/09/2018 02:14:05 PM,1,6.27,1,N,239,231,1,23.5,0,0.5,4.86,0,0.3,29.16
2,02/09/2018 01:10:27 PM,02/09/2018 01:29:41 PM,1,3.04,1,N,13,234,1,15,0,0.5,0,0,0.3,15.8
2,02/09/2018 01:31:26 PM,02/09/2018 01:41:37 PM,1,1.64,1,N,234,4,2,8.5,0,0.5,0,0,0.3,9.3
2,02/09/2018 01:47:10 PM,02/09/2018 02:16:39 PM,1,2.87,1,N,79,230,1,18.5,0,0.5,3.86,0,0.3,23.16
2,02/09/2018 01:05:45 PM,02/09/2018 01:25:40 PM,3,2.13,1,N,140,238,2,14,0,0.5,0,0,0.3,14.8
2,02/09/2018 01:28:20 PM,02/09/2018 01:47:20 PM,3,2.21,1,N,239,237,1,13.5,0,0.5,2.86,0,0.3,17.16
1,02/09/2018 01:13:56 PM,02/09/2018 01:28:35 PM,1,1.1,1,N,170,186,2,10,0,0.5,0,0,0.3,10.8
1,02/09/2018 01:33:39 PM,02/09/2018 01:59:10 PM,1,4.3,1,N,100,231,2,20,0,0.5,0,0,0.3,20.8
1,02/09/2018 01:15:45 PM,02/09/2018 01:23:05 PM,1,1,1,N,79,4,1,6.5,0,0.5,1.45,0,0.3,8.75
1,02/09/2018 01:32:42 PM,02/09/2018 01:44:09 PM,1,1,1,N,107,234,2,8.5,0,0.5,0,0,0.3,9.3
1,02/09/2018 01:52:11 PM,02/09/2018 02:22:57 PM,1,3.3,1,N,234,237,1,20,0,0.5,3.12,0,0.3,23.92
1,02/09/2018 01:43:00 PM,02/09/2018 01:51:33 PM,1,0.9,1,N,79,144,1,7,0,0.5,1,0,0.3,8.8
1,02/09/2018 01:56:09 PM,02/09/2018 02:11:27 PM,1,2.6,1,N,231,246,1,12.5,0,0.5,2.65,0,0.3,15.95
1,02/09/2018 01:11:46 PM,02/09/2018 01:15:00 PM,1,0.4,1,N,161,161,1,4,0,0.5,0.95,0,0.3,5.75
1,02/09/2018 01:16:20 PM,02/09/2018 01:51:32 PM,1,3.2,1,Y,170,231,1,21.5,0,0.5,5,0,0.3,27.3
1,02/09/2018 01:54:05 PM,02/09/2018 01:56:23 PM,1,0.2,1,N,231,231,1,3.5,0,0.5,0.85,0,0.3,5.15
1,02/09/2018 01:59:23 PM,02/09/2018 02:16:19 PM,1,3.3,1,N,13,234,1,14,0,0.5,3.7,0,0.3,18.5
2,02/09/2018 01:35:34 PM,02/10/2018 12:56:07 PM,1,21.11,2,N,132,161,2,52,0,0.5,0,5.76,0.3,58.56
2,02/09/2018 01:04:37 PM,02/09/2018 01:13:46 PM,5,2.27,1,N,143,166,1,9,0,0.5,1.96,0,0.3,11.76
2,02/09/2018 01:23:32 PM,02/09/2018 01:36:53 PM,5,1.87,1,N,238,142,2,10.5,0,0.5,0,0,0.3,11.3
2,02/09/2018 01:39:19 PM,02/09/2018 01:45:02 PM,5,0.78,1,N,142,163,1,5.5,0,0.5,1.2,0,0.3,7.5
2,02/09/2018 01:49:10 PM,02/09/2018 01:59:01 PM,5,1.24,1,N,163,164,1,8,0,0.5,1.76,0,0.3,10.56
2,02/09/2018 01:47:01 PM,02/09/2018 02:12:51 PM,1,7.77,1,N,236,209,2,27.5,0,0.5,0,0,0.3,28.3
1,02/09/2018 01:02:06 PM,02/09/2018 01:05:05 PM,1,0.3,1,N,236,236,2,4,0,0.5,0,0,0.3,4.8
1,02/09/2018 01:07:16 PM,02/09/2018 01:16:45 PM,1,1.5,1,N,236,238,1,8.5,0,0.5,1.5,0,0.3,10.8
1,02/09/2018 01:33:07 PM,02/09/2018 01:38:36 PM,2,0.6,1,N,239,142,1,5.5,0,0.5,1.5,0,0.3,7.8
1,02/09/2018 01:50:44 PM,02/09/2018 02:04:28 PM,1,1.6,1,N,142,140,2,10.5,0,0.5,0,0,0.3,11.3
1,02/09/2018 01:08:56 PM,02/09/2018 01:18:17 PM,1,2,1,N,162,236,1,8.5,0,0.5,0.93,0,0.3,10.23
1,02/09/2018 01:22:56 PM,02/09/2018 01:34:10 PM,1,1.3,1,N,263,238,1,9,0,0.5,1.95,0,0.3,11.75
1,02/09/2018 01:43:00 PM,02/09/2018 01:56:53 PM,1,2.3,1,N,142,263,2,11,0,0.5,0,0,0.3,11.8
1,02/09/2018 01:59:04 PM,02/09/2018 02:06:40 PM,1,0.9,1,N,263,236,1,6.5,0,0.5,1.45,0,0.3,8.75
2,02/09/2018 01:13:28 PM,02/09/2018 01:17:31 PM,1,0.78,1,N,239,142,1,5,0,0.5,1.45,0,0.3,7.25
2,02/09/2018 01:25:32 PM,02/10/2018 01:17:31 PM,1,0.75,1,N,143,142,1,5.5,0,0.5,0,0,0.3,6.3
2,02/09/2018 01:43:57 PM,02/09/2018 02:01:03 PM,1,3.65,1,N,142,43,1,14.5,0,0.5,4,0,0.3,19.3
2,02/09/2018 01:05:44 PM,02/09/2018 01:14:19 PM,2,1.3,1,N,262,236,2,7.5,0,0.5,0,0,0.3,8.3
2,02/09/2018 01:17:29 PM,02/09/2018 01:29:31 PM,2,1.08,1,N,236,262,1,9,0,0.5,0.5,0,0.3,10.3
2,02/09/2018 01:47:07 PM,02/09/2018 02:07:43 PM,2,4.48,1,N,237,68,1,17.5,0,0.5,3.66,0,0.3,21.96
1,02/09/2018 01:13:06 PM,02/09/2018 01:20:57 PM,1,1.5,1,N,162,237,1,7.5,0,0.5,1.66,0,0.3,9.96
1,02/09/2018 01:25:32 PM,02/09/2018 01:26:42 PM,1,0.4,1,N,237,236,1,3.5,0,0.5,0.85,0,0.3,5.15
1,02/09/2018 01:47:28 PM,02/09/2018 02:06:28 PM,1,3.1,1,N,43,234,1,14.5,0,0.5,3.05,0,0.3,18.35
1,02/09/2018 01:20:52 PM,02/09/2018 01:56:01 PM,2,17.3,2,N,132,229,1,52,0,0.5,11.7,5.76,0.3,70.26
1,02/09/2018 01:02:31 PM,02/09/2018 01:13:33 PM,1,1.4,1,N,43,161,2,9,0,0.5,0,0,0.3,9.8
1,02/09/2018 01:14:13 PM,02/09/2018 01:37:50 PM,1,3.1,1,N,161,151,1,16.5,0,0.5,2.5,0,0.3,19.8
1,02/09/2018 01:38:48 PM,02/09/2018 01:53:32 PM,1,1.5,1,N,151,239,1,10.5,0,0.5,2.25,0,0.3,13.55
2,02/09/2018 01:11:11 PM,02/09/2018 01:33:01 PM,1,4.15,1,N,230,231,1,18,0,0.5,4.7,0,0.3,23.5
2,02/09/2018 01:34:17 PM,02/09/2018 01:58:44 PM,1,13.27,3,N,231,1,1,54,0,0,12.96,10.5,0.3,77.76
2,02/09/2018 01:40:47 PM,02/09/2018 01:43:50 PM,1,0.49,1,N,236,237,2,4,0,0.5,0,0,0.3,4.8
2,02/09/2018 01:45:12 PM,02/09/2018 01:50:47 PM,1,0.7,1,N,237,141,2,5.5,0,0.5,0,0,0.3,6.3
2,02/09/2018 01:55:32 PM,02/09/2018 02:00:32 PM,1,0.89,1,N,141,236,1,5.5,0,0.5,1.89,0,0.3,8.19
2,02/09/2018 01:21:09 PM,02/09/2018 01:36:20 PM,1,2.01,1,N,161,236,1,11,0,0.5,2.36,0,0.3,14.16
2,02/09/2018 01:43:39 PM,02/09/2018 01:51:44 PM,1,0.98,1,N,237,236,2,7,0,0.5,0,0,0.3,7.8
2,02/09/2018 01:22:35 PM,02/09/2018 01:43:58 PM,1,2.51,1,N,164,140,1,14.5,0,0.5,3.06,0,0.3,18.36
2,02/09/2018 01:55:28 PM,02/09/2018 02:05:01 PM,1,1.2,1,N,236,239,1,8,0,0.5,1,0,0.3,9.8
2,02/09/2018 01:21:00 PM,02/09/2018 01:26:03 PM,1,1.13,1,N,237,233,1,6,0,0.5,1,0,0.3,7.8
2,02/09/2018 01:41:37 PM,02/09/2018 01:52:12 PM,1,2.6,1,N,137,79,1,10.5,0,0.5,1.7,0,0.3,13
2,02/09/2018 01:54:53 PM,02/09/2018 02:26:13 PM,1,5.09,1,N,79,230,1,23,0,0.5,4.76,0,0.3,28.56
2,02/09/2018 01:06:55 PM,02/09/2018 01:14:15 PM,2,0.56,1,N,161,100,1,6,0,0.5,1.36,0,0.3,8.16
2,02/09/2018 01:26:08 PM,02/09/2018 01:36:36 PM,2,1.25,1,N,186,161,1,8.5,0,0.5,2.32,0,0.3,11.62
2,02/09/2018 01:40:47 PM,02/09/2018 01:48:09 PM,2,1.58,1,N,163,239,1,7.5,0,0.5,1,0,0.3,9.3
2,02/09/2018 01:49:57 PM,02/09/2018 01:53:02 PM,2,0.47,1,N,239,239,2,4,0,0.5,0,0,0.3,4.8
1,02/09/2018 01:08:16 PM,02/09/2018 01:18:38 PM,4,1.5,1,N,161,234,1,8.5,0,0.5,2.75,0,0.3,12.05
1,02/09/2018 01:40:43 PM,02/09/2018 01:46:16 PM,1,0.6,1,N,68,48,1,5.5,0,0.5,1.25,0,0.3,7.55
1,02/09/2018 01:52:06 PM,02/09/2018 01:57:07 PM,1,0.2,1,N,161,161,2,5,0,0.5,0,0,0.3,5.8
2,02/09/2018 01:37:56 PM,02/09/2018 01:43:39 PM,1,1.02,1,N,264,264,1,6,0,0.5,1.36,0,0.3,8.16
2,02/09/2018 01:47:17 PM,02/09/2018 01:53:28 PM,1,0.85,1,N,264,264,2,6,0,0.5,0,0,0.3,6.8
2,02/09/2018 02:00:07 PM,02/09/2018 02:26:51 PM,1,2.98,1,N,238,140,1,18,0,0.5,3.76,0,0.3,22.56
2,02/09/2018 01:04:55 PM,02/09/2018 01:07:22 PM,1,0.62,1,N,263,75,2,4,0,0.5,0,0,0.3,4.8
2,02/09/2018 01:46:33 PM,02/09/2018 01:51:27 PM,1,0.64,1,N,141,237,2,5,0,0.5,0,0,0.3,5.8
1,02/09/2018 01:44:24 PM,02/09/2018 02:02:59 PM,1,2.9,1,N,144,246,1,14.5,0,0.5,2.3,0,0.3,17.6
2,02/09/2018 01:58:29 PM,02/09/2018 01:58:43 PM,1,0.83,2,N,132,132,1,52,0,0.5,10,5.76,0.3,68.56
1,02/09/2018 01:19:40 PM,02/09/2018 01:21:22 PM,1,0.3,1,N,166,166,1,3.5,0,0.5,0.85,0,0.3,5.15
1,02/09/2018 01:24:43 PM,02/09/2018 01:36:49 PM,2,1.8,1,N,166,239,1,10,0,0.5,1.62,0,0.3,12.42
1,02/09/2018 01:38:43 PM,02/09/2018 01:42:21 PM,1,0.3,1,N,239,142,1,4,0,0.5,0.95,0,0.3,5.75
1,02/09/2018 01:51:32 PM,02/09/2018 01:58:55 PM,2,1.2,1,N,142,229,1,7,0,0.5,1.17,0,0.3,8.97
2,02/09/2018 01:13:10 PM,02/09/2018 01:36:07 PM,2,3.93,1,N,186,262,1,17,0,0.5,4.45,0,0.3,22.25
2,02/09/2018 01:38:48 PM,02/09/2018 01:55:00 PM,2,2.31,1,N,262,142,2,12.5,0,0.5,0,0,0.3,13.3
2,02/09/2018 01:58:02 PM,02/09/2018 02:08:48 PM,2,1.63,1,N,239,236,2,9,0,0.5,0,0,0.3,9.8
2,02/09/2018 12:00:00 AM,02/09/2018 12:00:00 AM,2,0.99,1,N,161,137,1,10.5,0,0.5,2.26,0,0.3,13.56
2,02/09/2018 01:52:18 PM,02/09/2018 02:04:44 PM,2,1.2,1,N,234,114,1,9,0,0.5,1,0,0.3,10.8
2,02/09/2018 01:47:52 PM,02/09/2018 02:13:14 PM,1,3.73,1,N,230,4,2,17.5,0,0.5,0,0,0.3,18.3
2,02/09/2018 01:18:58 PM,02/09/2018 01:19:08 PM,1,0,1,N,138,138,1,2.5,0,0.5,0.66,0,0.3,3.96
2,02/09/2018 01:07:59 PM,02/09/2018 01:12:57 PM,1,0.7,1,N,137,224,2,5,0,0.5,0,0,0.3,5.8
2,02/09/2018 01:21:53 PM,02/09/2018 01:38:19 PM,1,2.45,1,N,107,140,1,12.5,0,0.5,4,0,0.3,17.3
1,02/09/2018 01:01:13 PM,02/09/2018 01:13:23 PM,1,1.3,1,N,43,237,1,9,0,0.5,1.95,0,0.3,11.75
1,02/09/2018 01:18:16 PM,02/09/2018 01:22:30 PM,1,0.6,1,N,237,237,1,4.5,0,0.5,1.05,0,0.3,6.35
1,02/09/2018 01:27:23 PM,02/09/2018 01:39:14 PM,1,1.8,1,N,237,162,2,10,0,0.5,0,0,0.3,10.8
1,02/09/2018 01:49:01 PM,02/09/2018 01:56:03 PM,1,1.2,1,N,233,137,1,7,0,0.5,1.55,0,0.3,9.35
1,02/09/2018 01:56:54 PM,02/09/2018 02:18:31 PM,2,9.7,1,N,137,138,1,28,0,0.5,3,5.76,0.3,37.56
2,02/09/2018 01:48:00 PM,02/09/2018 02:09:45 PM,1,1.98,1,N,113,87,1,14,0,0.5,2.96,0,0.3,17.76
1,02/09/2018 01:34:28 PM,02/09/2018 01:42:16 PM,2,0.5,1,N,164,230,2,6.5,0,0.5,0,0,0.3,7.3
1,02/09/2018 01:43:17 PM,02/09/2018 01:48:54 PM,2,0.4,1,N,230,48,2,5,0,0.5,0,0,0.3,5.8
1,02/09/2018 01:51:51 PM,02/09/2018 01:59:46 PM,2,1,1,N,48,48,2,7,0,0.5,0,0,0.3,7.8
2,02/09/2018 01:03:49 PM,02/09/2018 01:34:27 PM,1,5.85,1,N,79,41,1,23,0,0.5,3,0,0.3,26.8
2,02/09/2018 01:41:36 PM,02/09/2018 01:44:30 PM,1,0.43,1,N,24,166,1,4,0,0.5,1.44,0,0.3,6.24
2,02/09/2018 01:53:00 PM,02/09/2018 02:17:46 PM,1,3.64,1,N,151,162,1,18,0,0.5,3.76,0,0.3,22.56
2,02/09/2018 01:07:24 PM,02/09/2018 01:10:44 PM,5,0.51,1,N,237,141,1,4.5,0,0.5,1.59,0,0.3,6.89
2,02/09/2018 01:14:38 PM,02/09/2018 01:46:38 PM,5,7.07,1,N,141,255,1,27.5,0,0.5,8.49,0,0.3,36.79
2,02/09/2018 01:08:45 PM,02/09/2018 01:13:08 PM,1,0.75,1,N,246,68,1,5,0,0.5,0.7,0,0.3,6.5
2,02/09/2018 01:18:19 PM,02/09/2018 01:56:19 PM,1,10.36,1,N,50,138,1,35.5,0,0.5,8.41,5.76,0.3,50.47
1,02/09/2018 01:09:16 PM,02/09/2018 01:54:39 PM,1,11.9,1,N,163,138,1,41,0,0.5,4.76,5.76,0.3,52.32
2,02/09/2018 01:35:11 PM,02/09/2018 01:47:13 PM,1,0.77,1,N,162,230,1,9,0,0.5,1.96,0,0.3,11.76
2,02/09/2018 01:48:45 PM,02/09/2018 02:05:56 PM,1,1.62,1,N,230,141,1,12,0,0.5,2.56,0,0.3,15.36
1,02/09/2018 01:03:58 PM,02/09/2018 01:17:52 PM,3,0.9,1,N,100,264,2,9.5,0,0.5,0,0,0.3,10.3
1,02/09/2018 01:32:20 PM,02/09/2018 01:42:03 PM,1,1.1,1,N,264,264,1,8,0,0.5,2.2,0,0.3,11
1,02/09/2018 01:49:45 PM,02/09/2018 02:05:47 PM,1,3.1,1,N,264,264,1,13.5,0,0.5,3.55,0,0.3,17.85
1,02/09/2018 01:09:37 PM,02/09/2018 01:29:51 PM,1,2.2,1,N,239,236,1,14,0,0.5,2.95,0,0.3,17.75
1,02/09/2018 01:31:29 PM,02/09/2018 01:38:05 PM,1,0.7,1,N,236,237,1,6,0,0.5,1.36,0,0.3,8.16
1,02/09/2018 01:39:59 PM,02/09/2018 01:49:21 PM,1,1.3,1,N,237,238,1,8,0,0.5,1.32,0,0.3,10.12
2,02/09/2018 01:15:23 PM,02/09/2018 01:30:05 PM,1,2.06,1,N,263,151,1,11.5,0,0.5,2,0,0.3,14.3
2,02/09/2018 01:31:52 PM,02/09/2018 01:36:29 PM,1,1.09,1,N,151,166,2,6,0,0.5,0,0,0.3,6.8
2,02/09/2018 01:41:14 PM,02/09/2018 01:52:14 PM,1,1.84,1,N,151,236,1,9.5,0,0.5,2.06,0,0.3,12.36
1,02/09/2018 01:03:23 PM,02/09/2018 01:42:01 PM,1,9.6,1,N,138,142,1,34,0,0.5,7,5.76,0.3,47.56
1,02/09/2018 01:53:35 PM,02/09/2018 01:53:53 PM,1,0,1,N,230,230,2,2.5,0,0.5,0,0,0.3,3.3
1,02/09/2018 01:05:04 PM,02/09/2018 01:09:43 PM,1,1.4,1,N,75,74,1,6,0,0.5,0,0,0.3,6.8
1,02/09/2018 01:50:41 PM,02/09/2018 02:02:46 PM,1,1.1,1,N,163,100,1,8.5,0,0.5,1.85,0,0.3,11.15
1,02/09/2018 01:13:25 PM,02/09/2018 01:53:30 PM,2,16.4,2,N,132,164,1,52,0,0.5,6,5.76,0.3,64.56
1,02/09/2018 01:58:33 PM,02/09/2018 02:05:59 PM,1,1.3,1,N,170,163,2,7,0,0.5,0,0,0.3,7.8
1,02/09/2018 01:30:39 PM,02/09/2018 02:05:46 PM,1,12.9,1,N,138,261,1,40,0,0.5,4,5.76,0.3,50.56
1,02/09/2018 01:06:18 PM,02/09/2018 01:14:03 PM,1,1,1,N,48,161,1,6.5,0,0.5,1,0,0.3,8.3
1,02/09/2018 01:15:14 PM,02/09/2018 01:26:52 PM,0,1.6,1,N,161,236,2,9,0,0.5,0,0,0.3,9.8
1,02/09/2018 01:31:02 PM,02/09/2018 01:34:02 PM,0,0.7,1,N,236,236,1,4.5,0,0.5,1.05,0,0.3,6.35
1,02/09/2018 01:25:53 PM,02/09/2018 01:33:26 PM,1,1.1,1,N,100,48,1,7,0,0.5,0,0,0.3,7.8
1,02/09/2018 01:44:05 PM,02/09/2018 01:48:26 PM,1,0.5,1,N,161,163,1,4.5,0,0.5,1.05,0,0.3,6.35
1,02/09/2018 01:50:54 PM,02/09/2018 01:59:10 PM,2,1.4,1,N,237,142,1,7.5,0,0.5,1.65,0,0.3,9.95
2,02/09/2018 01:00:51 PM,02/09/2018 01:10:58 PM,1,1.74,1,N,162,141,1,9,0,0.5,1.96,0,0.3,11.76
2,02/09/2018 01:16:04 PM,02/09/2018 01:21:30 PM,1,0.7,1,N,263,236,1,5,0,0.5,1.16,0,0.3,6.96
2,02/09/2018 01:23:41 PM,02/09/2018 01:38:52 PM,1,2.12,1,N,43,162,1,11.5,0,0.5,0,0,0.3,12.3
2,02/09/2018 01:45:16 PM,02/09/2018 01:57:41 PM,1,1.61,1,N,170,229,2,9.5,0,0.5,0,0,0.3,10.3
1,02/09/2018 01:06:28 PM,02/09/2018 01:20:35 PM,1,2.3,1,N,125,261,1,11.5,0,0.5,1.2,0,0.3,13.5
1,02/09/2018 01:29:04 PM,02/09/2018 01:33:15 PM,1,0.4,1,N,231,211,1,4.5,0,0.5,1.05,0,0.3,6.35
1,02/09/2018 01:38:46 PM,02/09/2018 01:50:45 PM,1,0.7,1,N,125,114,1,8.5,0,0.5,1.5,0,0.3,10.8
1,02/09/2018 01:52:22 PM,02/09/2018 01:55:48 PM,1,0.5,1,N,113,79,1,4.5,0,0.5,1.05,0,0.3,6.35
2,02/09/2018 01:56:30 PM,02/09/2018 02:34:55 PM,1,15.41,1,N,138,209,1,45,0,0.5,10.31,5.76,0.3,61.87
1,02/09/2018 01:02:49 PM,02/09/2018 01:18:47 PM,1,2.2,1,N,236,233,1,12,0,0.5,3,0,0.3,15.8
1,02/09/2018 01:29:37 PM,02/09/2018 01:35:21 PM,1,0.6,1,N,170,170,1,5.5,0,0.5,1,0,0.3,7.3
1,02/09/2018 01:36:10 PM,02/09/2018 01:41:07 PM,1,0.6,1,N,170,162,1,5,0,0.5,1.7,0,0.3,7.5
1,02/09/2018 01:48:44 PM,02/09/2018 02:04:49 PM,1,1.1,1,N,161,186,2,10.5,0,0.5,0,0,0.3,11.3
1,02/09/2018 01:20:19 PM,02/09/2018 01:24:05 PM,1,0.7,1,N,246,68,1,4.5,0,0.5,1.05,0,0.3,6.35
1,02/09/2018 01:31:40 PM,02/09/2018 01:36:50 PM,2,1.1,1,N,48,142,1,6,0,0.5,1.35,0,0.3,8.15
1,02/09/2018 01:48:40 PM,02/09/2018 01:54:06 PM,2,0.8,1,N,238,151,2,6,0,0.5,0,0,0.3,6.8
1,02/09/2018 01:04:55 PM,02/09/2018 01:10:18 PM,1,1,1,N,236,239,1,6,0,0.5,1.35,0,0.3,8.15
1,02/09/2018 01:11:55 PM,02/09/2018 01:17:21 PM,1,0.7,1,N,239,239,1,5.5,0,0.5,1.55,0,0.3,7.85
1,02/09/2018 01:32:40 PM,02/09/2018 01:50:27 PM,1,1.3,1,N,230,90,1,11.5,0,0.5,2.45,0,0.3,14.75
1,02/09/2018 01:53:47 PM,02/09/2018 02:05:06 PM,1,1.2,1,N,90,170,1,8.5,0,0.5,1.85,0,0.3,11.15
1,02/09/2018 01:00:00 PM,02/09/2018 01:14:06 PM,1,5,1,N,231,224,1,17.5,0,0.5,3.65,0,0.3,21.95
1,02/09/2018 01:38:47 PM,02/09/2018 01:49:51 PM,0,1.5,1,N,68,246,1,9,0,0.5,2.45,0,0.3,12.25
1,02/09/2018 01:53:13 PM,02/09/2018 01:57:57 PM,1,0.8,1,N,50,48,2,5.5,0,0.5,0,0,0.3,6.3
1,02/09/2018 01:03:48 PM,02/09/2018 01:16:55 PM,1,1.6,1,N,79,234,1,10.5,0,0.5,1,0,0.3,12.3
1,02/09/2018 01:40:55 PM,02/09/2018 01:51:09 PM,1,1.5,1,N,264,163,2,9,0,0.5,0,0,0.3,9.8
1,02/09/2018 01:57:19 PM,02/09/2018 02:05:32 PM,1,1.4,1,N,264,236,1,7.5,0,0.5,1.65,0,0.3,9.95
2,02/09/2018 01:16:17 PM,02/09/2018 01:49:50 PM,1,18.76,1,N,132,51,1,50,0,0.5,11.31,5.76,0.3,67.87
2,02/09/2018 01:03:37 PM,02/09/2018 02:02:30 PM,1,22.82,2,N,132,261,1,52,0,0.5,10,5.76,0.3,68.56
2,02/09/2018 01:54:52 PM,02/09/2018 02:26:24 PM,1,6.84,1,N,68,52,1,25.5,0,0.5,6.41,5.76,0.3,38.47
1,02/09/2018 01:29:58 PM,02/09/2018 01:36:18 PM,1,0.8,1,N,107,170,2,6,0,0.5,0,0,0.3,6.8
1,02/09/2018 01:38:01 PM,02/09/2018 01:44:02 PM,1,0.6,1,N,170,161,1,5.5,0,0.5,2,0,0.3,8.3
1,02/09/2018 01:48:55 PM,02/09/2018 02:01:49 PM,1,1.6,1,N,161,233,1,9.5,0,0.5,2.05,0,0.3,12.35
2,02/09/2018 01:25:31 PM,02/09/2018 01:51:54 PM,1,5.11,1,N,148,40,1,21.5,0,0.5,4.46,0,0.3,26.76
1,02/09/2018 01:35:12 PM,02/09/2018 02:14:44 PM,1,10.8,1,N,138,65,2,35,0,0.5,0,0,0.3,35.8
2,02/09/2018 01:44:38 PM,02/09/2018 02:05:23 PM,1,2.39,1,N,4,231,1,14,0,0.5,2.96,0,0.3,17.76
1,02/09/2018 01:27:30 PM,02/09/2018 01:31:34 PM,1,0.2,1,N,186,68,2,4.5,0,0.5,0,0,0.3,5.3
1,02/09/2018 01:39:57 PM,02/09/2018 01:48:45 PM,1,1.2,1,N,246,163,1,7.5,0,0.5,1.65,0,0.3,9.95
1,02/09/2018 01:54:48 PM,02/09/2018 02:09:04 PM,1,2.5,1,N,48,158,1,11.5,0,0.5,3.65,0,0.3,15.95
1,02/09/2018 01:10:27 PM,02/09/2018 01:21:28 PM,1,1.4,1,N,142,161,2,9,0,0.5,0,0,0.3,9.8
1,02/09/2018 01:25:31 PM,02/09/2018 01:32:20 PM,1,1.1,1,N,163,237,1,6.5,0,0.5,1,0,0.3,8.3
1,02/09/2018 01:42:25 PM,02/09/2018 01:57:35 PM,1,1.8,1,N,161,246,1,11,0,0.5,1,0,0.3,12.8
2,02/09/2018 01:52:41 PM,02/09/2018 02:24:12 PM,3,13.08,1,N,138,261,1,38,0,0.5,5,5.76,0.3,49.56
2,02/09/2018 01:07:41 PM,02/09/2018 01:25:10 PM,1,3.43,1,N,234,13,2,15,0,0.5,0,0,0.3,15.8
2,02/09/2018 01:39:06 PM,02/09/2018 02:05:05 PM,1,4.05,1,N,231,162,1,19,0,0.5,3.96,0,0.3,23.76
1,02/09/2018 01:20:36 PM,02/09/2018 01:51:16 PM,1,9.6,1,N,234,138,1,31.5,0,0.5,7.6,5.76,0.3,45.66
2,02/09/2018 01:22:03 PM,02/09/2018 01:26:19 PM,1,1.04,1,N,236,239,1,5.5,0,0.5,1.26,0,0.3,7.56
2,02/09/2018 01:59:49 PM,02/09/2018 02:10:36 PM,1,1.43,1,N,142,48,2,8.5,0,0.5,0,0,0.3,9.3
2,02/09/2018 01:52:51 PM,02/09/2018 02:31:07 PM,1,16.29,1,N,138,13,1,46.5,0,0.5,7.96,5.76,0.3,61.02
2,02/09/2018 01:35:44 PM,02/09/2018 01:48:34 PM,6,1.36,1,N,90,114,1,9.5,0,0.5,2.58,0,0.3,12.88
2,02/09/2018 01:57:36 PM,02/09/2018 02:24:37 PM,6,2.13,1,N,211,186,1,17,0,0.5,0,0,0.3,17.8
2,02/09/2018 01:18:42 PM,02/09/2018 01:30:32 PM,1,1.11,1,N,107,233,1,9,0,0.5,1.96,0,0.3,11.76
2,02/09/2018 01:37:25 PM,02/09/2018 02:12:12 PM,1,9.84,1,N,170,127,1,31.5,0,0.5,0,0,0.3,32.3
2,02/09/2018 01:30:05 PM,02/09/2018 01:52:20 PM,1,1.92,1,N,90,161,1,14.5,0,0.5,2.3,0,0.3,17.6
2,02/09/2018 01:08:30 PM,02/09/2018 01:13:38 PM,1,0.63,1,N,164,170,1,5,0,0.5,1.16,0,0.3,6.96
2,02/09/2018 01:15:26 PM,02/09/2018 01:22:14 PM,1,0.84,1,N,161,237,2,6.5,0,0.5,0,0,0.3,7.3
2,02/09/2018 01:23:24 PM,02/09/2018 01:27:36 PM,1,0.82,1,N,237,237,1,5,0,0.5,1,0,0.3,6.8
2,02/09/2018 01:32:19 PM,02/09/2018 01:37:08 PM,1,0.68,1,N,237,141,1,5.5,0,0.5,1.89,0,0.3,8.19
2,02/09/2018 01:47:50 PM,02/09/2018 01:59:42 PM,1,2.17,1,N,237,50,2,10,0,0.5,0,0,0.3,10.8
2,02/09/2018 01:06:13 PM,02/09/2018 01:18:47 PM,6,1.01,1,N,234,100,1,9,0,0.5,1.96,0,0.3,11.76
2,02/09/2018 01:21:03 PM,02/09/2018 01:24:30 PM,6,0.62,1,N,100,161,2,4.5,0,0.5,0,0,0.3,5.3
2,02/09/2018 01:27:03 PM,02/09/2018 01:39:46 PM,6,1.5,1,N,161,229,1,10,0,0.5,2.16,0,0.3,12.96
2,02/09/2018 01:41:01 PM,02/09/2018 01:46:00 PM,6,1.02,1,N,229,237,1,5.5,0,0.5,0.94,0,0.3,7.24
2,02/09/2018 01:50:41 PM,02/09/2018 02:04:06 PM,6,1.71,1,N,162,164,1,10.5,0,0.5,0,0,0.3,11.3
2,02/09/2018 01:04:20 PM,02/09/2018 01:24:52 PM,1,2.32,1,N,237,100,1,14,0,0.5,0,0,0.3,14.8
2,02/09/2018 01:27:00 PM,02/09/2018 01:34:21 PM,1,0.77,1,N,100,246,2,5.5,0,0.5,0,0,0.3,6.3
2,02/09/2018 01:52:25 PM,02/09/2018 02:05:26 PM,1,1.64,1,N,68,163,1,10,0,0.5,1.5,0,0.3,12.3
2,02/09/2018 01:47:17 PM,02/09/2018 01:51:34 PM,1,0.73,1,N,239,238,1,5,0,0.5,1.16,0,0.3,6.96
2,02/09/2018 01:58:20 PM,02/09/2018 02:06:42 PM,1,1.26,1,N,239,142,2,7,0,0.5,0,0,0.3,7.8
2,02/09/2018 01:23:31 PM,02/09/2018 01:38:06 PM,2,2.68,1,N,158,246,1,11.5,0,0.5,2.46,0,0.3,14.76
2,02/09/2018 01:45:03 PM,02/09/2018 01:50:07 PM,2,0.87,1,N,68,68,1,5.5,0,0.5,1.89,0,0.3,8.19
2,02/09/2018 01:56:17 PM,02/09/2018 02:08:51 PM,2,1.87,1,N,68,114,1,10.5,0,0.5,2.26,0,0.3,13.56
1,02/09/2018 01:52:49 PM,02/09/2018 02:25:42 PM,0,8,1,N,161,138,1,29,0,0.5,7.45,0,0.3,37.25
2,02/09/2018 01:18:40 PM,02/09/2018 01:28:20 PM,5,1.3,1,N,43,161,2,8,0,0.5,0,0,0.3,8.8
2,02/09/2018 01:29:07 PM,02/09/2018 01:34:54 PM,5,0.6,1,N,161,164,1,5.5,0,0.5,0,0,0.3,6.3
2,02/09/2018 01:36:17 PM,02/09/2018 01:42:09 PM,5,0.84,1,N,164,234,1,5.5,0,0.5,1.26,0,0.3,7.56
2,02/09/2018 01:55:09 PM,02/09/2018 02:12:31 PM,5,1.52,1,N,79,233,2,11.5,0,0.5,0,0,0.3,12.3
2,02/09/2018 01:54:57 PM,02/09/2018 02:05:06 PM,1,1.09,1,N,43,263,2,8,0,0.5,0,0,0.3,8.8
2,02/09/2018 01:46:23 PM,02/09/2018 02:41:57 PM,1,21.95,2,N,132,161,2,52,0,0.5,0,5.76,0.3,58.56
2,02/09/2018 01:10:02 PM,02/09/2018 01:16:26 PM,3,1.06,1,N,141,263,1,6,0,0.5,1.36,0,0.3,8.16
2,02/09/2018 01:30:27 PM,02/09/2018 01:35:14 PM,4,0.57,1,N,140,237,2,5,0,0.5,0,0,0.3,5.8
2,02/09/2018 01:38:26 PM,02/09/2018 01:51:58 PM,2,2.26,1,N,162,236,1,11.5,0,0.5,2.46,0,0.3,14.76
2,02/09/2018 01:56:17 PM,02/09/2018 02:01:08 PM,3,0.89,1,N,263,236,1,5.5,0,0.5,1.26,0,0.3,7.56
2,02/09/2018 01:02:12 PM,02/09/2018 01:07:21 PM,1,0.84,1,N,161,170,1,5.5,0,0.5,0,0,0.3,6.3
2,02/09/2018 01:15:32 PM,02/09/2018 01:37:54 PM,1,3.09,1,N,164,143,1,15,0,0.5,1,0,0.3,16.8
2,02/09/2018 01:47:49 PM,02/09/2018 02:03:55 PM,1,3.17,1,N,48,41,1,14,0,0.5,3.7,0,0.3,18.5
2,02/09/2018 01:17:16 PM,02/09/2018 01:28:14 PM,1,1.01,1,N,113,249,1,8.5,0,0.5,1,0,0.3,10.3
2,02/09/2018 01:30:34 PM,02/09/2018 01:49:16 PM,1,3.61,1,N,249,239,1,15,0,0.5,4.74,0,0.3,20.54
2,02/09/2018 01:09:39 PM,02/09/2018 01:13:34 PM,1,0.83,1,N,79,137,1,5,0,0.5,1,0,0.3,6.8
2,02/09/2018 01:19:28 PM,02/09/2018 01:29:04 PM,1,0.65,1,N,137,234,1,7,0,0.5,1.56,0,0.3,9.36
2,02/09/2018 01:34:15 PM,02/09/2018 01:49:14 PM,1,1.85,1,N,186,229,1,11,0,0.5,2.36,0,0.3,14.16
2,02/09/2018 01:53:47 PM,02/09/2018 02:18:43 PM,1,5.63,1,N,229,13,1,21.5,0,0.5,4.46,0,0.3,26.76
2,02/09/2018 01:13:28 PM,02/09/2018 01:41:03 PM,5,3.24,1,N,233,125,1,18.5,0,0.5,2,0,0.3,21.3
2,02/09/2018 01:43:06 PM,02/09/2018 01:53:45 PM,5,1.78,1,N,125,186,2,8.5,0,0.5,0,0,0.3,9.3
2,02/09/2018 01:54:07 PM,02/09/2018 02:10:17 PM,5,2.08,1,N,186,162,1,12,0,0.5,1.92,0,0.3,14.72
2,02/09/2018 01:32:21 PM,02/09/2018 02:04:12 PM,3,11.76,1,N,138,234,1,35.5,0,0.5,6.31,5.76,0.3,48.37
1,02/09/2018 01:08:17 PM,02/09/2018 01:26:54 PM,1,4.8,1,N,166,230,1,18,0,0.5,3.75,0,0.3,22.55
1,02/09/2018 01:29:03 PM,02/09/2018 01:30:22 PM,1,0.1,1,N,161,161,3,3,0,0.5,0,0,0.3,3.8
1,02/09/2018 01:34:48 PM,02/09/2018 01:45:02 PM,1,1.8,1,N,163,236,1,9.5,0,0.5,2.05,0,0.3,12.35
1,02/09/2018 01:59:08 PM,02/09/2018 02:04:18 PM,1,0.7,1,N,262,140,1,5.5,0,0.5,1.25,0,0.3,7.55
1,02/09/2018 01:07:08 PM,02/09/2018 01:15:18 PM,1,1.4,1,N,229,237,1,7.5,0,0.5,1.66,0,0.3,9.96
1,02/09/2018 01:21:31 PM,02/09/2018 01:32:01 PM,1,1.7,1,N,140,162,1,8.5,0,0.5,1.86,0,0.3,11.16
1,02/09/2018 01:38:01 PM,02/09/2018 01:52:48 PM,1,2.6,1,N,162,113,1,12,0,0.5,2.2,0,0.3,15
1,02/09/2018 01:54:10 PM,02/09/2018 02:12:27 PM,2,1.9,1,N,113,100,1,12.5,0,0.5,2,0,0.3,15.3
2,02/09/2018 01:18:32 PM,02/09/2018 01:38:43 PM,1,7.3,1,N,231,162,1,23,0,0.5,5.95,0,0.3,29.75
2,02/09/2018 01:43:41 PM,02/09/2018 01:55:58 PM,1,1.15,1,N,162,163,1,9,0,0.5,1.96,0,0.3,11.76
1,02/09/2018 01:28:34 PM,02/09/2018 01:45:54 PM,1,3,1,N,261,232,1,14,0,0.5,2,0,0.3,16.8
1,02/09/2018 01:06:23 PM,02/09/2018 01:14:35 PM,1,1.4,1,N,230,237,1,7.5,0,0.5,2.08,0,0.3,10.38
1,02/09/2018 01:21:13 PM,02/09/2018 01:44:20 PM,1,3.1,1,N,237,68,1,16,0,0.5,3.35,0,0.3,20.15
1,02/09/2018 01:46:43 PM,02/09/2018 01:48:06 PM,1,0.3,1,N,249,249,2,3,0,0.5,0,0,0.3,3.8
1,02/09/2018 01:57:47 PM,02/09/2018 02:06:32 PM,1,1.1,1,N,234,249,1,7.5,0,0.5,0,0,0.3,8.3
